CBSA,CBSA Code,Year,Days with AQI,Good Days,Moderate Days,Unhealthy for Sensitive Groups Days,Unhealthy Days,Very Unhealthy Days,Hazardous Days,Max AQI,90th Percentile AQI,Median AQI,Days CO,Days NO2,Days Ozone,Days PM2.5,Days PM10,city,state,population,violent_crime,murder,rape,robbery,aggravated_assault,property_crime,burglary,larceny_theft,motor_vehicle_theft,arson
"Aberdeen, SD",10100,2024,357,306,47,4,0,0,0,118,54,24,0,0,0,239,118,aberdeen,MARYLAND,18635.0,111.0,4.0,13.0,26.0,68.0,379.0,33.0,310.0,36.0,1.0
"Ada, OK",10220,2024,289,207,81,1,0,0,0,101,63,43,0,0,183,105,1,ada,MINNESOTA ,1690.0,0.0,0.0,0.0,0.0,0.0,0.0,0.0,0.0,0.0,0.0
"Adrian, MI",10300,2024,366,253,113,0,0,0,0,97,59,43,0,0,172,194,0,adrian,MICHIGAN,20113.0,115.0,0.0,28.0,6.0,81.0,482.0,77.0,379.0,26.0,5.0
"Akron, OH",10420,2024,341,216,123,2,0,0,0,108,71,45,0,0,175,166,0,akron,MICHIGAN,367.0,0.0,0.0,0.0,0.0,0.0,1.0,0.0,1.0,0.0,0.0
"Albany, GA",10500,2024,366,227,135,4,0,0,0,121,61,45,0,0,0,366,0,albany,CALIFORNIA,18735.0,26.0,0.0,2.0,10.0,14.0,467.0,56.0,355.0,56.0,5.0
"Albuquerque, NM",10740,2024,366,100,233,26,4,1,2,443,100,61,0,2,212,82,70,albuquerque,NEW MEXICO,558745.0,6603.0,103.0,349.0,890.0,5261.0,25863.0,4316.0,15864.0,5683.0,52.0
"Alexandria, LA",10780,2024,121,85,35,1,0,0,0,102,56,39,0,0,0,121,0,alexandria,KENTUCKY,10778.0,6.0,0.0,0.0,0.0,6.0,78.0,5.0,63.0,10.0,0.0
"Allentown-Bethlehem-Easton, PA-NJ",10900,2024,366,250,112,4,0,0,0,119,65,41,0,10,202,154,0,allentown,NEW JERSEY,1721.0,1.0,0.0,0.0,0.0,1.0,11.0,2.0,9.0,0.0,0.0
"Altoona, PA",11020,2024,366,296,70,0,0,0,0,100,58,37,0,0,209,157,0,altoona,IOWA,22422.0,32.0,0.0,2.0,3.0,27.0,451.0,26.0,398.0,27.0,0.0
"Amarillo, TX",11100,2024,364,265,96,3,0,0,0,138,67,44,0,0,306,58,0,amarillo,TEXAS,203039.0,1402.0,17.0,150.0,176.0,1059.0,5392.0,767.0,4096.0,529.0,58.0
"Americus, GA",11140,2024,244,228,16,0,0,0,0,84,49,38,0,0,244,0,0,americus,GEORGIA,15541.0,257.0,5.0,10.0,14.0,228.0,611.0,95.0,487.0,29.0,1.0
"Anchorage, AK",11260,2024,366,284,82,0,0,0,0,95,58,26,3,0,0,280,83,anchorage,ALASKA,286958.0,2912.0,27.0,462.0,479.0,1944.0,7937.0,910.0,5813.0,1214.0,87.0
"Ann Arbor, MI",11460,2024,366,253,113,0,0,0,0,87,61,43,0,0,212,154,0,ann arbor,MICHIGAN,118025.0,357.0,0.0,58.0,24.0,275.0,2025.0,185.0,1737.0,103.0,7.0
"Appleton, WI",11540,2024,366,291,75,0,0,0,0,99,57,37,0,0,157,209,0,appleton,MINNESOTA ,1358.0,2.0,0.0,0.0,0.0,2.0,1.0,0.0,1.0,0.0,0.0
"Ardmore, OK",11620,2024,363,217,132,14,0,0,0,143,74,48,0,0,190,173,0,ardmore,ALABAMA,1451.0,2.0,0.0,1.0,0.0,1.0,20.0,4.0,15.0,1.0,0.0
"Arkadelphia, AR",11660,2024,360,336,24,0,0,0,0,93,48,35,0,0,360,0,0,arkadelphia,ARKANSAS,10222.0,30.0,0.0,1.0,4.0,25.0,188.0,37.0,146.0,5.0,0.0
"Asheville, NC",11700,2024,366,219,146,1,0,0,0,101,62,48,0,0,179,187,0,asheville,NORTH CAROLINA,95219.0,758.0,12.0,82.0,108.0,556.0,3709.0,573.0,2815.0,321.0,30.0
"Ashtabula, OH",11780,2024,245,205,38,2,0,0,0,108,61,41,0,0,245,0,0,ashtabula,OHIO,17723.0,33.0,0.0,7.0,11.0,15.0,163.0,39.0,109.0,15.0,3.0
"Athens, OH",11900,2024,364,330,34,0,0,0,0,64,49,28,0,0,0,364,0,athens,ALABAMA,32862.0,80.0,2.0,3.0,6.0,69.0,680.0,91.0,531.0,58.0,1.0
"Atlanta-Sandy Springs-Roswell, GA",12060,2024,366,110,242,13,1,0,0,161,81,56,0,4,113,249,0,atlanta,TEXAS,5418.0,15.0,0.0,4.0,0.0,11.0,52.0,12.0,33.0,7.0,0.0
"Atlantic City-Hammonton, NJ",12100,2024,366,302,64,0,0,0,0,97,54,35,0,0,213,153,0,atlantic city,NEW JERSEY,38480.0,685.0,7.0,67.0,179.0,432.0,2400.0,236.0,1972.0,192.0,10.0
"Augusta-Richmond County, GA-SC",12260,2024,365,159,205,1,0,0,0,105,71,52,0,0,96,269,0,augusta,KANSAS,9247.0,26.0,0.0,4.0,1.0,21.0,163.0,22.0,130.0,11.0,2.0
"Austin-Round Rock, TX",12420,2024,366,156,203,7,0,0,0,141,80,52,0,3,126,235,2,austin,ARKANSAS,4204.0,9.0,0.0,3.0,0.0,6.0,21.0,5.0,15.0,1.0,0.0
"Bakersfield, CA",12540,2024,366,76,196,73,21,0,0,177,140,72,0,0,225,122,19,bakersfield,CALIFORNIA,416120.0,2308.0,28.0,170.0,523.0,1587.0,10277.0,2237.0,5239.0,2801.0,17.0
"Baltimore-Columbia-Towson, MD",12580,2024,366,215,139,11,1,0,0,154,77,47,0,2,203,161,0,baltimore,MARYLAND,566632.0,9101.0,197.0,326.0,3248.0,5330.0,23555.0,2968.0,14630.0,5957.0,116.0
"Bangor, ME",12620,2024,362,328,34,0,0,0,0,84,49,33,0,0,208,150,4,bangor,MAINE,31598.0,51.0,5.0,7.0,16.0,23.0,1339.0,98.0,1214.0,27.0,3.0
"Bartlesville, OK",12780,2024,318,182,128,7,1,0,0,156,74,47,0,0,193,125,0,bartlesville,OKLAHOMA,38361.0,141.0,1.0,38.0,11.0,91.0,815.0,189.0,565.0,61.0,11.0
"Bay City, MI",13020,2024,363,277,86,0,0,0,0,73,56,37,0,0,0,363,0,bay city,MICHIGAN,31908.0,180.0,2.0,34.0,11.0,133.0,596.0,79.0,443.0,74.0,11.0
"Beatrice, NE",13100,2024,307,224,83,0,0,0,0,70,56,35,0,0,0,307,0,beatrice,NEBRASKA,12272.0,10.0,1.0,3.0,0.0,6.0,101.0,16.0,75.0,10.0,2.0
"Beaumont-Port Arthur, TX",13140,2024,366,126,232,8,0,0,0,143,71,54,0,1,93,272,0,beaumont,CALIFORNIA,60294.0,123.0,0.0,11.0,22.0,90.0,614.0,77.0,478.0,59.0,5.0
"Beaver Dam, WI",13180,2024,366,297,69,0,0,0,0,84,54,38,0,0,251,115,0,beaver dam,KENTUCKY,3487.0,3.0,0.0,1.0,0.0,2.0,9.0,0.0,8.0,1.0,0.0
"Bellingham, WA",13380,2024,361,335,26,0,0,0,0,82,47,33,0,0,73,288,0,bellingham,MASSACHUSETTS,18099.0,39.0,0.0,8.0,4.0,27.0,189.0,12.0,166.0,11.0,1.0
"Bemidji, MN",13420,2024,366,308,54,3,1,0,0,177,55,36,0,0,170,196,0,bemidji,MINNESOTA ,15853.0,129.0,0.0,33.0,13.0,83.0,727.0,56.0,642.0,29.0,3.0
"Bend-Redmond, OR",13460,2024,366,258,89,12,7,0,0,176,78,39,0,0,83,283,0,bend,OREGON,106241.0,179.0,3.0,24.0,24.0,128.0,1447.0,137.0,1222.0,88.0,22.0
"Bennington, VT",13540,2024,365,332,33,0,0,0,0,80,50,36,0,0,304,61,0,bennington,NEW HAMPSHIRE,1507.0,2.0,0.0,1.0,0.0,1.0,8.0,1.0,7.0,0.0,0.0
"Berlin, NH-VT",13620,2024,365,296,69,0,0,0,0,90,58,44,1,0,361,3,0,berlin,CONNECTICUT,20529.0,19.0,0.0,4.0,5.0,10.0,289.0,18.0,218.0,53.0,1.0
"Billings, MT",13740,2024,357,272,84,1,0,0,0,105,61,39,0,6,213,138,0,billings,MISSOURI,1207.0,0.0,0.0,0.0,0.0,0.0,6.0,0.0,5.0,1.0,0.0
"Birmingham-Hoover, AL",13820,2024,366,94,266,6,0,0,0,119,79,57,0,0,73,293,0,birmingham,ALABAMA,195418.0,2436.0,115.0,29.0,393.0,1899.0,7878.0,1426.0,4873.0,1579.0,103.0
"Bishop, CA",13860,2024,366,90,246,17,7,2,4,1322,93,61,0,0,188,130,48,bishop,CALIFORNIA,3715.0,34.0,0.0,5.0,2.0,27.0,89.0,5.0,79.0,5.0,1.0
"Bismarck, ND",13900,2024,366,267,88,9,2,0,0,174,65,40,0,2,204,153,7,bismarck,NORTH DAKOTA,75546.0,210.0,1.0,34.0,46.0,129.0,1813.0,187.0,1452.0,174.0,5.0
"Blacksburg-Christiansburg-Radford, VA",13980,2024,344,316,28,0,0,0,0,80,50,38,0,0,344,0,0,blacksburg,SOUTH CAROLINA,1921.0,4.0,0.0,1.0,0.0,3.0,42.0,3.0,33.0,6.0,2.0
"Bloomington, IL",14010,2024,366,254,111,1,0,0,0,112,61,44,0,0,181,185,0,bloomington,INDIANA,78762.0,226.0,3.0,48.0,44.0,131.0,2141.0,178.0,1832.0,131.0,15.0
"Boise City, ID",14260,2024,366,147,151,33,31,4,0,265,149,54,0,3,140,220,3,boise city,OKLAHOMA,1092.0,0.0,0.0,0.0,0.0,0.0,7.0,2.0,3.0,2.0,0.0
"Boston-Cambridge-Newton, MA-NH",14460,2024,366,256,105,1,2,0,2,1513,66,43,0,4,222,138,2,boston,GEORGIA,1218.0,1.0,0.0,0.0,0.0,1.0,4.0,0.0,4.0,0.0,1.0
"Boulder, CO",14500,2024,366,212,144,9,1,0,0,154,77,49,0,0,231,126,9,boulder,COLORADO,105195.0,339.0,0.0,37.0,47.0,255.0,2875.0,403.0,2253.0,219.0,32.0
"Bowling Green, KY",14540,2024,366,281,85,0,0,0,0,87,55,41,0,0,225,141,0,bowling green,FLORIDA3,2464.0,1.0,0.0,0.0,0.0,1.0,16.0,6.0,9.0,1.0,0.0
"Bozeman, MT",14580,2024,365,329,36,0,0,0,0,84,50,18,20,37,0,308,0,bozeman,MONTANA,58509.0,254.0,0.0,50.0,7.0,197.0,1027.0,84.0,886.0,57.0,13.0
"Brainerd, MN",14660,2024,366,291,74,0,1,0,0,164,56,38,0,0,165,201,0,brainerd,MINNESOTA ,14615.0,63.0,0.0,10.0,6.0,47.0,260.0,27.0,226.0,7.0,1.0
"Branson, MO",14700,2024,117,104,13,0,0,0,0,73,51,26,0,0,0,117,0,branson,MISSOURI,12982.0,62.0,0.0,11.0,6.0,45.0,781.0,28.0,709.0,44.0,1.0
"Bremerton-Silverdale, WA",14740,2024,351,341,10,0,0,0,0,69,38,19,0,0,0,351,0,bremerton,WASHINGTON,46079.0,200.0,2.0,49.0,22.0,127.0,1297.0,230.0,890.0,177.0,17.0
"Bridgeport-Stamford-Norwalk, CT",14860,2024,366,248,97,18,3,0,0,154,75,42,0,30,180,156,0,bridgeport,ALABAMA,2262.0,7.0,0.0,2.0,1.0,4.0,24.0,5.0,13.0,6.0,1.0
"Brookings, SD",15100,2024,366,292,72,2,0,0,0,111,56,36,0,0,178,149,39,brookings,OREGON,6643.0,9.0,0.0,2.0,1.0,6.0,88.0,9.0,76.0,3.0,0.0
"Brownsville-Harlingen, TX",15180,2024,366,99,206,48,13,0,0,171,124,61,0,0,44,322,0,brownsville,KENTUCKY,893.0,0.0,0.0,0.0,0.0,0.0,2.0,0.0,2.0,0.0,0.0
"Brunswick, GA",15260,2024,366,286,80,0,0,0,0,84,56,39,0,0,125,241,0,brunswick,MAINE,22662.0,16.0,0.0,6.0,1.0,9.0,270.0,8.0,250.0,12.0,0.0
"Buffalo-Cheektowaga-Niagara Falls, NY",15380,2024,366,233,132,1,0,0,0,105,62,44,0,5,168,192,1,buffalo,IOWA,1159.0,1.0,0.0,0.0,0.0,1.0,1.0,0.0,1.0,0.0,0.0
"Burlington-South Burlington, VT",15540,2024,366,323,43,0,0,0,0,84,51,37,0,0,271,95,0,burlington,COLORADO,3116.0,13.0,0.0,1.0,0.0,12.0,36.0,8.0,24.0,4.0,1.0
"Cadillac, MI",15620,2024,366,326,40,0,0,0,0,84,52,36,0,0,319,47,0,cadillac,MICHIGAN,10450.0,49.0,0.0,12.0,1.0,36.0,257.0,43.0,184.0,30.0,0.0
"Cambridge, MD",15700,2024,366,294,71,1,0,0,0,108,57,40,0,0,284,82,0,cambridge,ILLINOIS,2034.0,0.0,0.0,0.0,0.0,0.0,5.0,3.0,2.0,0.0,0.0
"Canton-Massillon, OH",15940,2024,366,192,174,0,0,0,0,93,67,48,0,0,116,250,0,canton,CONNECTICUT,10166.0,4.0,0.0,1.0,1.0,2.0,55.0,3.0,48.0,4.0,0.0
"Carlsbad-Artesia, NM",16100,2024,366,188,142,33,3,0,0,179,100,49,0,0,356,10,0,carlsbad,CALIFORNIA,113023.0,225.0,1.0,7.0,39.0,178.0,1708.0,267.0,1318.0,123.0,8.0
"Carson City, NV",16180,2024,366,270,95,1,0,0,0,105,61,45,0,0,293,73,0,carson city,MICHIGAN,1129.0,1.0,0.0,0.0,0.0,1.0,2.0,0.0,2.0,0.0,1.0
"Casper, WY",16220,2024,366,282,78,6,0,0,0,136,67,43,0,3,345,18,0,casper,WYOMING,58526.0,169.0,4.0,33.0,9.0,123.0,1236.0,145.0,986.0,105.0,5.0
"Cedar City, UT",16260,2024,365,303,62,0,0,0,0,100,55,43,0,4,321,40,0,cedar city,UTAH,41556.0,61.0,1.0,18.0,2.0,40.0,421.0,44.0,343.0,34.0,0.0
"Cedar Rapids, IA",16300,2024,366,235,131,0,0,0,0,79,60,44,0,0,128,238,0,cedar rapids,IOWA,135363.0,354.0,1.0,15.0,41.0,297.0,3640.0,371.0,2982.0,287.0,9.0
"Centralia, WA",16500,2024,360,336,23,1,0,0,0,129,43,22,0,0,0,360,0,centralia,ILLINOIS,11748.0,78.0,0.0,7.0,5.0,66.0,303.0,97.0,173.0,33.0,3.0
"Chambersburg-Waynesboro, PA",16540,2024,327,305,22,0,0,0,0,90,49,35,0,0,327,0,0,chambersburg,PENNSYLVANIA,22366.0,104.0,2.0,2.0,8.0,92.0,392.0,53.0,320.0,19.0,4.0
"Champaign-Urbana, IL",16580,2024,366,250,116,0,0,0,0,100,60,44,0,0,194,172,0,champaign,ILLINOIS,89466.0,449.0,5.0,61.0,82.0,301.0,2039.0,514.0,1317.0,208.0,7.0
"Charleston, WV",16620,2024,364,283,81,0,0,0,0,90,57,40,3,0,173,188,0,charleston,ARKANSAS,2724.0,14.0,0.0,2.0,0.0,12.0,32.0,6.0,26.0,0.0,0.0
"Charlotte-Concord-Gastonia, NC-SC",16740,2024,366,152,209,4,1,0,0,156,74,53,0,1,142,223,0,charlotte,MICHIGAN,9226.0,39.0,0.0,8.0,2.0,29.0,173.0,13.0,149.0,11.0,0.0
"Charlottesville, VA",16820,2024,356,281,75,0,0,0,0,85,55,40,0,0,146,210,0,charlottesville,VIRGINIA,44844.0,161.0,1.0,19.0,27.0,114.0,1431.0,108.0,1193.0,130.0,2.0
"Chattanooga, TN-GA",16860,2024,366,155,208,3,0,0,0,126,69,52,0,0,89,277,0,chattanooga,OKLAHOMA,409.0,0.0,0.0,0.0,0.0,0.0,2.0,1.0,1.0,0.0,0.0
"Cheyenne, WY",16940,2024,366,271,91,3,1,0,0,151,67,45,0,1,332,31,2,cheyenne,WYOMING,65143.0,214.0,2.0,59.0,18.0,135.0,1947.0,256.0,1540.0,151.0,3.0
"Chicago-Naperville-Elgin, IL-IN-WI",16980,2024,366,95,254,15,2,0,0,166,87,56,0,15,111,213,27,chicago,ILLINOIS,2638698.0,14245.0,461.0,1551.0,8847.0,3386.0,91626.0,7778.0,61185.0,22663.0,462.0
"Chico, CA",17020,2024,366,231,133,0,1,1,0,213,71,46,0,0,243,115,8,chico,CALIFORNIA,100831.0,705.0,2.0,139.0,83.0,481.0,1914.0,210.0,1499.0,205.0,15.0
"Cincinnati, OH-KY-IN",17140,2024,366,131,221,14,0,0,0,147,77,54,0,6,116,243,1,cincinnati,OHIO,311599.0,2635.0,68.0,178.0,722.0,1667.0,11932.0,1709.0,7463.0,2760.0,0.0
"Claremont-Lebanon, NH-VT",17200,2024,366,334,32,0,0,0,0,80,49,35,0,0,279,87,0,claremont,CALIFORNIA,35139.0,176.0,0.0,12.0,14.0,150.0,674.0,76.0,531.0,67.0,5.0
"Clarksburg, WV",17220,2024,113,91,22,0,0,0,0,60,54,34,0,0,0,113,0,clarksburg,WEST VIRGINIA,15316.0,57.0,0.0,14.0,2.0,41.0,340.0,25.0,302.0,13.0,3.0
"Clarksville, TN-KY",17300,2024,366,271,95,0,0,0,0,84,57,42,0,0,138,228,0,clarksville,ARKANSAS,9680.0,45.0,0.0,13.0,3.0,29.0,197.0,35.0,156.0,6.0,1.0
"Clearlake, CA",17340,2024,363,361,2,0,0,0,0,67,41,32,0,0,357,6,0,clearlake,CALIFORNIA,16410.0,136.0,4.0,15.0,16.0,101.0,260.0,50.0,155.0,55.0,8.0
"Cleveland, MS",17380,2024,366,243,123,0,0,0,0,98,58,44,0,0,97,269,0,cleveland,GEORGIA,3546.0,1.0,0.0,0.0,1.0,0.0,63.0,2.0,61.0,0.0,1.0
"Clinton, IA",17540,2024,365,230,135,0,0,0,0,90,59,46,0,0,140,225,0,clinton,CONNECTICUT,13481.0,10.0,0.0,5.0,3.0,2.0,301.0,10.0,276.0,15.0,0.0
"Coeur d'Alene, ID",17660,2024,355,291,63,1,0,0,0,109,57,24,0,0,0,355,0,coeur d'alene,IDAHO,57561.0,139.0,0.0,53.0,7.0,79.0,550.0,57.0,465.0,28.0,5.0
"College Station-Bryan, TX",17780,2024,353,232,120,1,0,0,0,102,58,39,0,0,0,353,0,college station,TEXAS,126702.0,216.0,3.0,75.0,15.0,123.0,1397.0,205.0,1068.0,124.0,1.0
"Colorado Springs, CO",17820,2024,366,202,150,12,2,0,0,166,80,49,0,0,324,42,0,colorado springs,COLORADO,491474.0,3517.0,38.0,498.0,381.0,2600.0,16950.0,2604.0,10947.0,3399.0,145.0
"Columbia, MO",17860,2024,259,244,15,0,0,0,0,77,48,39,0,0,259,0,0,columbia,ALABAMA,703.0,0.0,0.0,0.0,0.0,0.0,5.0,0.0,5.0,0.0,0.0
"Columbus, GA-AL",17980,2024,366,192,167,7,0,0,0,127,67,49,0,0,64,302,0,columbus,GEORGIA,201061.0,1214.0,26.0,51.0,102.0,1035.0,4495.0,711.0,3289.0,495.0,6.0
"Concord, NH",18180,2024,214,205,9,0,0,0,0,74,46,37,0,0,214,0,0,concord,CALIFORNIA,121341.0,588.0,3.0,50.0,175.0,360.0,3502.0,515.0,2361.0,626.0,73.0
"Cookeville, TN",18260,2024,361,302,59,0,0,0,0,74,53,32,0,0,0,361,0,cookeville,TENNESSEE,37248.0,109.0,0.0,21.0,3.0,85.0,619.0,64.0,504.0,51.0,6.0
"Corning, NY",18500,2024,365,321,44,0,0,0,0,68,52,37,1,0,271,93,0,corning,ARKANSAS,3086.0,8.0,0.0,3.0,0.0,5.0,20.0,4.0,14.0,2.0,0.0
"Corpus Christi, TX",18580,2024,366,178,172,15,1,0,0,153,81,51,0,0,100,266,0,corpus christi,TEXAS,316108.0,2730.0,27.0,235.0,366.0,2102.0,9519.0,1651.0,6634.0,1234.0,64.0
"Corsicana, TX",18620,2024,366,205,153,8,0,0,0,129,77,48,0,0,213,153,0,corsicana,TEXAS,25849.0,121.0,1.0,30.0,12.0,78.0,584.0,118.0,421.0,45.0,6.0
"Crescent City, CA",18860,2024,289,232,55,2,0,0,0,125,54,32,0,0,0,289,0,crescent city,CALIFORNIA,5339.0,74.0,0.0,7.0,12.0,55.0,345.0,31.0,294.0,20.0,6.0
"Crestview-Fort Walton Beach-Destin, FL",18880,2024,366,341,25,0,0,0,0,74,50,36,0,0,361,0,5,crestview,FLORIDA3,29903.0,64.0,0.0,8.0,1.0,55.0,421.0,83.0,310.0,28.0,0.0
"Dallas-Fort Worth-Arlington, TX",19100,2024,366,86,226,44,9,1,0,203,115,59,0,5,153,207,1,dallas,GEORGIA,15276.0,15.0,0.0,0.0,4.0,11.0,89.0,12.0,70.0,7.0,0.0
"Dalton, GA",19140,2024,277,234,43,0,0,0,0,77,58,41,0,0,229,48,0,dalton,GEORGIA,34537.0,84.0,0.0,18.0,11.0,55.0,657.0,61.0,561.0,35.0,3.0
"Daphne-Fairhope-Foley, AL",19300,2024,355,278,77,0,0,0,0,90,58,40,0,0,127,228,0,daphne,ALABAMA,31256.0,17.0,0.0,4.0,2.0,11.0,264.0,14.0,235.0,15.0,0.0
"Davenport-Moline-Rock Island, IA-IL",19340,2024,366,224,142,0,0,0,0,90,61,46,0,0,151,157,58,davenport,FLORIDA3,17456.0,13.0,0.0,3.0,0.0,10.0,60.0,17.0,40.0,3.0,0.0
"Dayton, OH",19380,2024,366,218,144,4,0,0,0,147,67,47,0,0,179,187,0,dayton,INDIANA,1367.0,1.0,0.0,1.0,0.0,0.0,11.0,0.0,10.0,1.0,0.0
"Decatur, AL",19460,2024,366,264,102,0,0,0,0,86,58,44,0,0,127,239,0,decatur,ALABAMA,58514.0,355.0,5.0,32.0,26.0,292.0,1351.0,113.0,1073.0,165.0,112.0
"Denver-Aurora-Lakewood, CO",19740,2024,366,73,251,34,8,0,0,174,105,64,0,24,248,67,27,denver,COLORADO,722031.0,7170.0,71.0,676.0,1272.0,5151.0,34380.0,5112.0,20373.0,8895.0,133.0
"Des Moines-West Des Moines, IA",19780,2024,366,247,119,0,0,0,0,93,59,45,0,2,145,217,2,des moines,IOWA,209245.0,1471.0,9.0,107.0,157.0,1198.0,6542.0,968.0,4482.0,1092.0,34.0
"Detroit-Warren-Dearborn, MI",19820,2024,366,118,237,10,1,0,0,181,77,55,0,1,95,270,0,detroit,MICHIGAN,651171.0,11599.0,203.0,605.0,1195.0,9596.0,28035.0,4578.0,15263.0,8194.0,399.0
"Dickinson, ND",19860,2024,366,303,53,9,1,0,0,172,60,38,0,0,277,89,0,dickinson,NORTH DAKOTA,24910.0,74.0,2.0,10.0,2.0,60.0,425.0,44.0,346.0,35.0,0.0
"Dodge City, KS",19980,2024,366,317,49,0,0,0,0,80,53,26,0,0,0,214,152,dodge city,KANSAS,27441.0,69.0,0.0,10.0,3.0,56.0,299.0,31.0,253.0,15.0,5.0
"Douglas, GA",20060,2024,356,240,115,1,0,0,0,137,60,43,0,0,0,356,0,douglas,ALABAMA,789.0,2.0,0.0,0.0,0.0,2.0,12.0,3.0,9.0,0.0,1.0
"Dover, DE",20100,2024,336,250,86,0,0,0,0,100,58,41,0,0,195,141,0,dover,ARKANSAS,1358.0,3.0,0.0,1.0,0.0,2.0,14.0,1.0,11.0,2.0,0.0
"Duluth, MN-WI",20260,2024,366,286,77,3,0,0,0,114,57,39,0,0,223,143,0,duluth,GEORGIA,32511.0,55.0,0.0,6.0,3.0,46.0,388.0,22.0,347.0,19.0,1.0
"Durham-Chapel Hill, NC",20500,2024,366,169,197,0,0,0,0,97,62,51,0,0,80,285,1,durham,NEW HAMPSHIRE,14718.0,6.0,1.0,5.0,0.0,0.0,33.0,0.0,31.0,2.0,1.0
"Dyersburg, TN",20540,2024,347,286,61,0,0,0,0,92,53,31,0,0,0,347,0,dyersburg,TENNESSEE,15917.0,200.0,3.0,13.0,9.0,175.0,757.0,150.0,560.0,47.0,3.0
"Eagle Pass, TX",20580,2024,341,233,108,0,0,0,0,100,72,37,0,0,0,341,0,eagle pass,TEXAS,28323.0,43.0,0.0,7.0,5.0,31.0,535.0,105.0,370.0,60.0,3.0
"Eau Claire, WI",20740,2024,366,299,66,1,0,0,0,142,56,38,0,0,145,184,37,eau claire,WISCONSIN,70891.0,115.0,2.0,40.0,7.0,66.0,1351.0,179.0,1101.0,71.0,3.0
"Effingham, IL",20820,2024,240,217,22,1,0,0,0,101,50,41,0,0,240,0,0,effingham,ILLINOIS,12246.0,27.0,0.0,8.0,2.0,17.0,242.0,65.0,164.0,13.0,4.0
"El Centro, CA",20940,2024,366,83,233,42,5,2,1,341,107,63,0,1,194,98,73,el centro,CALIFORNIA,43550.0,143.0,2.0,10.0,32.0,99.0,552.0,207.0,271.0,74.0,5.0
"El Dorado, AR",20980,2024,121,62,59,0,0,0,0,93,62,49,0,0,0,121,0,el dorado,ARKANSAS,16603.0,219.0,3.0,12.0,20.0,184.0,579.0,178.0,355.0,46.0,4.0
"El Paso, TX",21340,2024,366,81,222,51,7,1,4,431,112,67,0,12,133,98,123,el paso,TEXAS,678860.0,1890.0,20.0,4.0,252.0,1614.0,10142.0,952.0,7280.0,1910.0,69.0
"Elizabethtown-Fort Knox, KY",21060,2024,154,129,25,0,0,0,0,67,53,41,0,0,71,83,0,elizabethtown,KENTUCKY,33522.0,46.0,4.0,15.0,4.0,23.0,234.0,40.0,159.0,35.0,2.0
"Elkhart-Goshen, IN",21140,2024,366,227,138,1,0,0,0,145,62,45,0,0,163,203,0,elkhart,INDIANA,53357.0,531.0,1.0,45.0,39.0,446.0,1387.0,316.0,918.0,153.0,11.0
"Elko, NV",21220,2024,365,318,46,1,0,0,0,113,51,23,0,0,41,22,302,elko,NEVADA,20861.0,83.0,2.0,19.0,4.0,58.0,300.0,57.0,201.0,42.0,4.0
"Ellensburg, WA",21260,2024,366,320,46,0,0,0,0,94,53,23,0,0,0,366,0,ellensburg,WASHINGTON,18472.0,42.0,1.0,17.0,4.0,20.0,403.0,45.0,343.0,15.0,7.0
"Emporia, KS",21380,2024,122,106,16,0,0,0,0,94,53,29,0,0,0,122,0,emporia,KANSAS,24109.0,89.0,0.0,16.0,4.0,69.0,555.0,104.0,432.0,19.0,3.0
"Erie, PA",21500,2024,366,295,71,0,0,0,0,93,56,38,0,3,253,110,0,erie,COLORADO,37055.0,11.0,0.0,2.0,1.0,8.0,332.0,65.0,248.0,19.0,6.0
"Eugene, OR",21660,2024,366,219,131,10,5,1,0,216,80,44,0,0,79,287,0,eugene,OREGON,178057.0,566.0,2.0,82.0,126.0,356.0,5797.0,847.0,4377.0,573.0,122.0
"Eureka-Arcata-Fortuna, CA",21700,2024,366,266,100,0,0,0,0,86,58,38,0,0,150,199,17,eureka,CALIFORNIA,25485.0,259.0,0.0,30.0,58.0,171.0,808.0,135.0,535.0,138.0,29.0
"Evanston, WY",21740,2024,297,297,0,0,0,0,0,44,17,7,0,0,0,0,297,evanston,ILLINOIS,74178.0,105.0,0.0,23.0,41.0,41.0,2034.0,335.0,1524.0,175.0,6.0
"Evansville, IN-KY",21780,2024,366,222,142,2,0,0,0,122,62,46,0,0,175,191,0,evansville,INDIANA,114660.0,1383.0,12.0,99.0,65.0,1207.0,4218.0,590.0,3235.0,393.0,30.0
"Fairbanks, AK",21820,2024,366,213,128,15,8,1,1,325,89,42,0,0,128,233,5,fairbanks,ALASKA,31676.0,221.0,2.0,38.0,42.0,139.0,1097.0,94.0,902.0,101.0,8.0
"Fairmont, WV",21900,2024,111,85,26,0,0,0,0,62,53,33,0,0,0,111,0,fairmont,MINNESOTA ,10173.0,30.0,0.0,6.0,1.0,23.0,142.0,13.0,122.0,7.0,0.0
"Fallon, NV",21980,2024,358,280,77,1,0,0,0,105,61,44,0,0,358,0,0,fallon,NEVADA,9661.0,20.0,0.0,0.0,1.0,19.0,111.0,5.0,99.0,7.0,0.0
"Fargo, ND-MN",22020,2024,366,288,76,1,1,0,0,158,58,38,0,0,177,189,0,fargo,NORTH DAKOTA,135682.0,676.0,6.0,139.0,105.0,426.0,5016.0,1006.0,3529.0,481.0,15.0
"Farmington, NM",22140,2024,366,218,137,11,0,0,0,115,87,48,0,1,364,0,1,farmington,ARKANSAS,10608.0,25.0,0.0,5.0,0.0,20.0,38.0,8.0,29.0,1.0,0.0
"Fayetteville, NC",22180,2024,366,233,132,1,0,0,0,110,61,46,0,0,146,218,2,fayetteville,ARKANSAS,104089.0,441.0,8.0,55.0,28.0,350.0,2468.0,238.0,2024.0,206.0,2.0
"Flagstaff, AZ",22380,2024,366,250,111,5,0,0,0,136,74,46,0,0,356,10,0,flagstaff,ARIZONA,76433.0,354.0,5.0,54.0,41.0,254.0,1706.0,94.0,1506.0,106.0,8.0
"Flint, MI",22420,2024,347,252,94,1,0,0,0,119,61,42,0,0,165,182,0,flint,MICHIGAN,79183.0,996.0,20.0,47.0,48.0,881.0,1039.0,220.0,580.0,239.0,16.0
"Florence, SC",22500,2024,363,223,140,0,0,0,0,100,61,47,0,0,110,253,0,florence,ALABAMA,43076.0,271.0,0.0,16.0,9.0,246.0,869.0,100.0,698.0,71.0,2.0
"Fond du Lac, WI",22540,2024,205,190,15,0,0,0,0,77,49,38,0,0,205,0,0,fond du lac,WISCONSIN,44164.0,171.0,2.0,30.0,13.0,126.0,929.0,41.0,863.0,25.0,3.0
"Fort Collins, CO",22660,2024,366,156,187,21,2,0,0,161,87,54,0,0,300,66,0,fort collins,COLORADO,170509.0,465.0,3.0,39.0,42.0,381.0,3675.0,390.0,2971.0,314.0,24.0
"Fort Payne, AL",22840,2024,366,277,89,0,0,0,0,87,57,43,0,0,242,124,0,fort payne,ALABAMA,14984.0,24.0,0.0,3.0,0.0,21.0,242.0,43.0,179.0,20.0,0.0
"Fort Smith, AR-OK",22900,2024,366,252,114,0,0,0,0,97,59,44,0,1,115,250,0,fort smith,ARKANSAS,89977.0,758.0,0.0,81.0,59.0,618.0,3315.0,420.0,2613.0,282.0,10.0
"Fort Wayne, IN",23060,2024,366,217,149,0,0,0,0,100,64,47,0,0,171,195,0,fort wayne,INDIANA,271892.0,836.0,30.0,116.0,149.0,541.0,6046.0,591.0,4735.0,720.0,55.0
"Fresno, CA",23420,2024,366,71,216,65,14,0,0,169,126,67,0,0,196,155,15,fresno,CALIFORNIA,546722.0,4021.0,32.0,244.0,918.0,2827.0,17885.0,2166.0,12050.0,3669.0,211.0
"Gadsden, AL",23460,2024,362,212,150,0,0,0,0,93,60,47,0,0,84,278,0,gadsden,ALABAMA,33015.0,192.0,4.0,4.0,16.0,168.0,851.0,97.0,682.0,72.0,4.0
"Gainesville, FL",23540,2024,349,300,49,0,0,0,0,94,52,38,0,0,167,182,0,gainesville,FLORIDA3,147022.0,1085.0,7.0,126.0,196.0,756.0,3975.0,452.0,3371.0,152.0,13.0
"Gettysburg, PA",23900,2024,366,231,132,3,0,0,0,131,67,44,1,0,228,137,0,gettysburg,PENNSYLVANIA,9011.0,13.0,0.0,5.0,1.0,7.0,57.0,7.0,50.0,0.0,0.0
"Gillette, WY",23940,2024,366,232,129,3,2,0,0,161,74,44,0,0,211,24,131,gillette,WYOMING,33503.0,66.0,0.0,14.0,1.0,51.0,509.0,47.0,442.0,20.0,4.0
"Glenwood Springs, CO",24060,2024,366,212,149,5,0,0,0,133,74,49,0,0,356,8,2,glenwood springs,COLORADO,10334.0,32.0,1.0,8.0,2.0,21.0,461.0,42.0,390.0,29.0,5.0
"Grand Island, NE",24260,2024,323,248,75,0,0,0,0,80,56,32,0,0,0,323,0,grand island,NEBRASKA,52488.0,193.0,0.0,38.0,17.0,138.0,924.0,127.0,745.0,52.0,6.0
"Grand Junction, CO",24300,2024,366,215,144,7,0,0,0,136,77,48,0,0,305,59,2,grand junction,COLORADO,70686.0,386.0,3.0,59.0,34.0,290.0,2241.0,227.0,1855.0,159.0,40.0
"Grand Rapids-Wyoming, MI",24340,2024,366,178,187,1,0,0,0,112,71,51,0,2,118,246,0,grand rapids,MICHIGAN,195913.0,1783.0,12.0,176.0,228.0,1367.0,4860.0,524.0,3583.0,753.0,50.0
"Grants Pass, OR",24420,2024,366,284,74,8,0,0,0,146,60,29,0,0,0,366,0,grants pass,OREGON,39113.0,158.0,1.0,21.0,33.0,103.0,1136.0,187.0,854.0,95.0,13.0
"Great Falls, MT",24500,2024,87,52,35,0,0,0,0,74,58,46,0,0,0,87,0,great falls,MONTANA,60414.0,347.0,0.0,54.0,28.0,265.0,2070.0,240.0,1698.0,132.0,15.0
"Greeley, CO",24540,2024,366,149,196,19,2,0,0,164,87,54,0,0,256,110,0,greeley,COLORADO,113757.0,763.0,6.0,50.0,74.0,633.0,3435.0,389.0,2470.0,576.0,29.0
"Green Bay, WI",24580,2024,366,281,84,1,0,0,0,105,61,38,0,0,171,195,0,green bay,WISCONSIN,105240.0,521.0,2.0,65.0,28.0,426.0,1381.0,114.0,1000.0,267.0,3.0
"Greensboro-High Point, NC",24660,2024,366,243,122,1,0,0,0,122,61,45,0,0,157,198,11,greensboro,GEORGIA,3598.0,9.0,0.0,0.0,1.0,8.0,29.0,4.0,19.0,6.0,1.0
"Greenville, NC",24780,2024,352,302,50,0,0,0,0,74,53,37,0,0,176,176,0,greenville,ALABAMA,6923.0,40.0,0.0,1.0,5.0,34.0,266.0,39.0,199.0,28.0,0.0
"Gulfport-Biloxi-Pascagoula, MS",25060,2024,366,216,145,4,1,0,0,157,67,47,0,0,130,236,0,gulfport,FLORIDA3,11618.0,36.0,0.0,4.0,7.0,25.0,254.0,39.0,197.0,18.0,1.0
"Hagerstown-Martinsburg, MD-WV",25180,2024,363,270,93,0,0,0,0,97,61,42,0,0,218,145,0,hagerstown,MARYLAND,43563.0,311.0,4.0,32.0,97.0,178.0,1073.0,218.0,654.0,201.0,0.0
"Hailey, ID",25200,2024,359,310,43,4,1,1,0,220,57,19,0,0,0,359,0,hailey,IDAHO,10039.0,18.0,0.0,3.0,0.0,15.0,48.0,15.0,31.0,2.0,2.0
"Hammond, LA",25220,2024,127,67,60,0,0,0,0,77,62,47,0,0,0,127,0,hammond,INDIANA,75677.0,561.0,11.0,32.0,69.0,449.0,2325.0,175.0,1863.0,287.0,7.0
"Hanford-Corcoran, CA",25260,2024,366,100,231,33,2,0,0,156,100,60,0,0,165,146,55,hanford,CALIFORNIA,60208.0,291.0,3.0,23.0,32.0,233.0,694.0,98.0,460.0,136.0,19.0
"Harrisburg-Carlisle, PA",25420,2024,366,201,163,2,0,0,0,105,70,48,0,0,151,215,0,harrisburg,ARKANSAS,2206.0,10.0,0.0,1.0,0.0,9.0,44.0,7.0,29.0,8.0,0.0
"Harrison, AR",25460,2024,366,334,32,0,0,0,0,87,50,39,0,0,337,29,0,harrison,ARKANSAS,13524.0,43.0,0.0,6.0,0.0,37.0,242.0,21.0,216.0,5.0,3.0
"Harrisonburg, VA",25500,2024,366,283,83,0,0,0,0,83,56,42,0,20,158,188,0,harrisonburg,VIRGINIA,51270.0,137.0,0.0,29.0,11.0,97.0,868.0,69.0,755.0,44.0,3.0
"Hartford-West Hartford-East Hartford, CT",25540,2024,366,276,81,8,1,0,0,185,64,40,0,16,228,122,0,hartford,ARKANSAS,496.0,0.0,0.0,0.0,0.0,0.0,2.0,0.0,2.0,0.0,0.0
"Hattiesburg, MS",25620,2024,362,202,159,1,0,0,0,103,63,47,0,0,0,362,0,hattiesburg,MISSISSIPPI,48307.0,107.0,6.0,19.0,16.0,66.0,1674.0,179.0,1388.0,107.0,5.0
"Havre, MT",25660,2024,339,314,23,2,0,0,0,123,46,15,0,0,0,339,0,havre,MONTANA,9328.0,54.0,0.0,13.0,2.0,39.0,307.0,24.0,253.0,30.0,5.0
"Heber, UT",25720,2024,153,138,14,1,0,0,0,108,49,37,0,1,121,31,0,heber,UTAH,19082.0,41.0,0.0,2.0,0.0,39.0,173.0,21.0,143.0,9.0,2.0
"Helena, MT",25740,2024,366,233,127,5,1,0,0,160,73,46,0,0,202,164,0,helena,ALABAMA,22470.0,16.0,0.0,2.0,0.0,14.0,98.0,12.0,74.0,12.0,3.0
"Hermiston-Pendleton, OR",25840,2024,366,272,90,4,0,0,0,117,63,38,0,0,122,244,0,hermiston,OREGON,19504.0,62.0,2.0,9.0,6.0,45.0,629.0,30.0,568.0,31.0,7.0
"Hickory-Lenoir-Morganton, NC",25860,2024,366,235,131,0,0,0,0,93,60,46,0,0,135,231,0,hickory,NORTH CAROLINA,44682.0,182.0,1.0,11.0,25.0,145.0,1262.0,183.0,961.0,118.0,7.0
"Hobbs, NM",26020,2024,364,255,104,5,0,0,0,150,71,44,0,4,292,68,0,hobbs,NEW MEXICO,38972.0,308.0,8.0,26.0,20.0,254.0,1462.0,339.0,979.0,144.0,2.0
"Holland, MI",26090,2024,351,222,125,4,0,0,0,115,66,46,0,0,147,204,0,holland,MASSACHUSETTS,2608.0,3.0,0.0,0.0,0.0,3.0,7.0,1.0,2.0,4.0,0.0
"Hot Springs, AR",26300,2024,118,63,55,0,0,0,0,97,62,50,0,0,0,118,0,hot springs,ARKANSAS,38001.0,203.0,6.0,43.0,20.0,134.0,1582.0,267.0,1193.0,122.0,10.0
"Houghton, MI",26340,2024,120,118,2,0,0,0,0,66,31,12,0,0,0,120,0,houghton,MICHIGAN,8564.0,3.0,0.0,2.0,0.0,1.0,65.0,0.0,65.0,0.0,0.0
"Houston-The Woodlands-Sugar Land, TX",26420,2024,366,43,260,46,16,1,0,201,122,63,0,4,134,213,15,houston,MINNESOTA ,978.0,0.0,0.0,0.0,0.0,0.0,2.0,0.0,2.0,0.0,0.0
"Huntington-Ashland, WV-KY-OH",26580,2024,366,237,129,0,0,0,0,99,61,44,0,1,150,215,0,huntington,INDIANA,16985.0,8.0,0.0,7.0,0.0,1.0,59.0,4.0,50.0,5.0,0.0
"Huntsville, AL",26620,2024,363,254,109,0,0,0,0,100,58,44,0,0,135,227,1,huntsville,ALABAMA,228697.0,1105.0,19.0,111.0,123.0,852.0,5462.0,735.0,4137.0,590.0,17.0
"Idaho Falls, ID",26820,2024,366,291,75,0,0,0,0,97,63,43,0,0,306,60,0,idaho falls,IDAHO,68716.0,245.0,3.0,49.0,7.0,186.0,831.0,212.0,532.0,87.0,4.0
"Indiana, PA",26860,2024,357,291,66,0,0,0,0,74,56,37,0,0,189,168,0,indiana,PENNSYLVANIA,14378.0,12.0,1.0,5.0,0.0,6.0,111.0,16.0,95.0,0.0,0.0
"Indianapolis-Carmel-Anderson, IN",26900,2024,366,129,232,5,0,0,0,138,77,55,0,0,103,262,1,indianapolis,INDIANA,890685.0,7819.0,178.0,527.0,1275.0,5839.0,29714.0,4613.0,18456.0,6645.0,206.0
"Iowa City, IA",26980,2024,366,259,107,0,0,0,0,83,57,39,0,0,0,366,0,iowa city,IOWA,75934.0,244.0,0.0,41.0,38.0,165.0,1271.0,119.0,1055.0,97.0,4.0
"Ithaca, NY",27060,2024,350,340,10,0,0,0,0,71,47,35,0,0,350,0,0,ithaca,NEW YORK,33646.0,66.0,1.0,6.0,16.0,43.0,1082.0,111.0,955.0,16.0,3.0
"Jackson, MS",27140,2024,366,203,163,0,0,0,0,96,64,48,0,0,134,232,0,jackson,ALABAMA,4461.0,28.0,1.0,1.0,0.0,26.0,151.0,26.0,112.0,13.0,1.0
"Jacksonville, FL",27260,2024,366,182,184,0,0,0,0,98,64,51,0,1,103,261,1,jacksonville,ALABAMA,14812.0,90.0,0.0,6.0,1.0,83.0,246.0,33.0,208.0,5.0,3.0
"Jamestown-Dunkirk-Fredonia, NY",27460,2024,363,326,36,1,0,0,0,105,51,36,0,0,349,14,0,jamestown,KENTUCKY,1882.0,0.0,0.0,0.0,0.0,0.0,13.0,4.0,7.0,2.0,0.0
"Janesville-Beloit, WI",27500,2024,205,171,32,2,0,0,0,112,58,41,0,0,205,0,0,janesville,MINNESOTA ,2484.0,3.0,0.0,0.0,0.0,3.0,10.0,0.0,10.0,0.0,0.0
"Jasper, IN",27540,2024,366,265,101,0,0,0,0,70,57,39,0,0,0,365,1,jasper,ALABAMA,14418.0,57.0,0.0,9.0,9.0,39.0,628.0,45.0,545.0,38.0,1.0
"Jefferson City, MO",27620,2024,262,249,13,0,0,0,0,77,49,40,0,0,262,0,0,jefferson city,MISSOURI,42561.0,142.0,0.0,40.0,13.0,89.0,868.0,60.0,761.0,47.0,9.0
"Johnstown, PA",27780,2024,365,269,96,0,0,0,0,87,59,42,1,0,173,191,0,johnstown,COLORADO,20284.0,36.0,0.0,5.0,5.0,26.0,620.0,26.0,566.0,28.0,0.0
"Joplin, MO",27900,2024,359,289,70,0,0,0,0,99,61,41,0,0,228,0,131,joplin,MISSOURI,53533.0,300.0,0.0,48.0,28.0,224.0,2206.0,223.0,1766.0,217.0,27.0
"Juneau, AK",27940,2024,356,304,52,0,0,0,0,84,55,24,0,0,0,356,0,juneau,ALASKA,31612.0,170.0,1.0,36.0,20.0,113.0,654.0,107.0,501.0,46.0,7.0
"Kalamazoo-Portage, MI",28020,2024,366,234,132,0,0,0,0,100,63,45,0,0,136,230,0,kalamazoo,MICHIGAN,73002.0,937.0,10.0,108.0,121.0,698.0,2517.0,453.0,1689.0,375.0,39.0
"Kalispell, MT",28060,2024,366,253,113,0,0,0,0,95,63,42,0,0,159,192,15,kalispell,MONTANA,31754.0,93.0,0.0,14.0,2.0,77.0,707.0,40.0,626.0,41.0,4.0
"Kansas City, MO-KS",28140,2024,366,151,205,10,0,0,0,126,77,53,0,13,140,175,38,kansas city,KANSAS,153363.0,1606.0,19.0,104.0,144.0,1339.0,5531.0,679.0,3484.0,1368.0,3.0
"Keene, NH",28300,2024,366,302,64,0,0,0,0,93,54,36,0,0,223,143,0,keene,NEW HAMPSHIRE,22874.0,41.0,0.0,19.0,6.0,16.0,497.0,20.0,456.0,21.0,4.0
"Kennewick-Richland, WA",28420,2024,366,296,67,3,0,0,0,126,61,36,0,0,108,215,43,kennewick,WASHINGTON,85553.0,314.0,3.0,44.0,72.0,195.0,2961.0,303.0,2084.0,574.0,3.0
"Killeen-Temple, TX",28660,2024,366,226,135,5,0,0,0,129,70,46,0,0,224,142,0,killeen,TEXAS,161667.0,853.0,20.0,111.0,88.0,634.0,2235.0,507.0,1268.0,460.0,5.0
"Kingsport-Bristol-Bristol, TN-VA",28700,2024,363,282,81,0,0,0,0,97,58,41,0,0,197,166,0,kingsport,TENNESSEE,57138.0,252.0,2.0,27.0,21.0,202.0,1691.0,180.0,1338.0,173.0,8.0
"Kingsville, TX",28780,2024,349,204,141,4,0,0,0,121,71,43,0,0,0,349,0,kingsville,TEXAS,24334.0,62.0,1.0,9.0,3.0,49.0,430.0,80.0,316.0,34.0,2.0
"Kinston, NC",28820,2024,308,295,13,0,0,0,0,77,46,34,0,0,248,0,60,kinston,NORTH CAROLINA,19298.0,185.0,4.0,15.0,16.0,150.0,958.0,192.0,719.0,47.0,13.0
"Klamath Falls, OR",28900,2024,366,259,91,9,6,1,0,207,76,33,0,0,0,366,0,klamath falls,OREGON,21911.0,106.0,3.0,14.0,18.0,71.0,589.0,77.0,407.0,105.0,3.0
"Knoxville, TN",28940,2024,366,166,199,1,0,0,0,105,68,52,0,0,153,213,0,knoxville,ILLINOIS,2790.0,2.0,0.0,2.0,0.0,0.0,16.0,4.0,12.0,0.0,0.0
"Kokomo, IN",29020,2024,366,241,125,0,0,0,0,93,61,44,0,0,196,170,0,kokomo,INDIANA,59995.0,291.0,2.0,35.0,23.0,231.0,850.0,138.0,616.0,96.0,2.0
"La Crosse-Onalaska, WI-MN",29100,2024,205,197,8,0,0,0,0,67,47,37,0,0,205,0,0,la crosse,WISCONSIN,50893.0,199.0,1.0,40.0,13.0,145.0,1889.0,142.0,1664.0,83.0,3.0
"La Grande, OR",29260,2024,366,303,61,2,0,0,0,128,59,23,0,0,0,365,1,la grande,OREGON,12963.0,33.0,0.0,7.0,4.0,22.0,346.0,50.0,280.0,16.0,5.0
"Laconia, NH",29060,2024,365,311,54,0,0,0,0,78,53,35,0,0,168,197,0,laconia,NEW HAMPSHIRE,17217.0,25.0,1.0,11.0,8.0,5.0,436.0,12.0,399.0,25.0,1.0
"Lafayette, LA",29180,2024,366,179,184,3,0,0,0,108,64,51,0,0,120,246,0,lafayette,ALABAMA,2611.0,5.0,0.0,1.0,0.0,4.0,27.0,4.0,22.0,1.0,0.0
"Lake Charles, LA",29340,2024,366,194,168,4,0,0,0,147,64,49,0,0,125,241,0,lake charles,LOUISIANA,77982.0,478.0,13.0,41.0,50.0,374.0,1926.0,478.0,1288.0,160.0,0.0
"Lake City, FL",29380,2024,349,220,129,0,0,0,0,93,61,44,0,0,100,249,0,lake city,ARKANSAS,2729.0,4.0,0.0,2.0,1.0,1.0,23.0,0.0,22.0,1.0,0.0
"Lake Havasu City-Kingman, AZ",29420,2024,352,347,5,0,0,0,0,69,30,19,0,0,0,1,351,lake havasu city,ARIZONA,59898.0,213.0,0.0,29.0,8.0,176.0,835.0,140.0,641.0,54.0,2.0
"Lancaster, PA",29540,2024,366,189,174,3,0,0,0,125,69,50,0,0,140,226,0,lancaster,CALIFORNIA,164012.0,1369.0,29.0,77.0,282.0,981.0,3150.0,631.0,1121.0,1398.0,53.0
"Lansing-East Lansing, MI",29620,2024,366,277,89,0,0,0,0,85,58,40,0,1,202,162,1,lansing,ILLINOIS,27309.0,107.0,1.0,19.0,43.0,44.0,502.0,199.0,184.0,119.0,2.0
"Laramie, WY",29660,2024,366,190,163,12,1,0,0,187,80,50,0,0,287,2,77,laramie,WYOMING,32400.0,42.0,0.0,15.0,0.0,27.0,377.0,60.0,297.0,20.0,3.0
"Laredo, TX",29700,2024,366,211,140,15,0,0,0,129,83,45,0,0,194,170,2,laredo,TEXAS,258311.0,945.0,6.0,123.0,126.0,690.0,3784.0,515.0,2843.0,426.0,47.0
"Las Cruces, NM",29740,2024,366,97,237,19,6,3,4,692,97,62,0,3,174,98,91,las cruces,NEW MEXICO,115977.0,835.0,14.0,67.0,67.0,687.0,5652.0,855.0,3993.0,804.0,10.0
"Las Vegas-Henderson-Paradise, NV",29820,2024,366,90,236,39,1,0,0,170,101,64,0,0,251,102,13,las vegas,NEW MEXICO,12816.0,84.0,1.0,3.0,5.0,75.0,188.0,32.0,142.0,14.0,2.0
"Lawrenceburg, TN",29980,2024,360,272,88,0,0,0,0,84,55,38,0,0,0,360,0,lawrenceburg,KENTUCKY,12241.0,7.0,0.0,2.0,1.0,4.0,66.0,7.0,49.0,10.0,0.0
"Lawton, OK",30020,2024,362,242,113,6,0,0,1,339,77,43,0,0,194,168,0,lawton,MICHIGAN,1783.0,3.0,0.0,1.0,0.0,2.0,18.0,3.0,15.0,0.0,0.0
"Lebanon, PA",30140,2024,366,242,122,2,0,0,0,108,64,43,0,0,168,198,0,lebanon,ILLINOIS,4536.0,4.0,0.0,0.0,0.0,4.0,10.0,5.0,5.0,0.0,0.0
"Lewiston, ID-WA",30300,2024,366,224,134,4,4,0,0,196,70,43,0,0,0,366,0,lewiston,IDAHO,35036.0,67.0,0.0,23.0,4.0,40.0,460.0,102.0,311.0,47.0,2.0
"Lexington-Fayette, KY",30460,2024,340,261,79,0,0,0,0,93,58,43,0,4,209,126,1,lexington,ALABAMA,738.0,0.0,0.0,0.0,0.0,0.0,5.0,1.0,3.0,1.0,0.0
"Lima, OH",30620,2024,359,275,84,0,0,0,0,97,58,42,0,0,195,164,0,lima,OHIO,34552.0,262.0,6.0,46.0,27.0,183.0,1164.0,232.0,848.0,84.0,10.0
"Lincoln, NE",30700,2024,283,237,46,0,0,0,0,82,54,41,0,0,203,80,0,lincoln,ALABAMA,7725.0,30.0,0.0,2.0,3.0,25.0,176.0,31.0,120.0,25.0,0.0
"Little Rock-North Little Rock-Conway, AR",30780,2024,366,118,242,5,0,1,0,205,76,55,0,0,56,310,0,little rock,ARKANSAS,204247.0,3415.0,36.0,235.0,445.0,2699.0,10650.0,1914.0,7810.0,926.0,61.0
"Logan, UT-ID",30860,2024,366,238,127,1,0,0,0,101,71,44,0,0,232,134,0,logan,UTAH,56083.0,77.0,0.0,27.0,4.0,46.0,634.0,79.0,511.0,44.0,2.0
"Longview, TX",30980,2024,360,322,36,2,0,0,0,129,51,37,0,17,343,0,0,longview,TEXAS,83771.0,284.0,9.0,54.0,42.0,179.0,1969.0,264.0,1532.0,173.0,2.0
"Los Alamos, NM",31060,2024,116,116,0,0,0,0,0,41,27,14,0,0,0,116,0,los alamos,NEW MEXICO,19609.0,11.0,0.0,2.0,0.0,9.0,78.0,7.0,59.0,12.0,0.0
"Lubbock, TX",31180,2024,358,330,28,0,0,0,0,91,47,23,0,0,0,358,0,lubbock,TEXAS,269900.0,2216.0,14.0,208.0,312.0,1682.0,7095.0,1452.0,4920.0,723.0,63.0
"Ludington, MI",31220,2024,244,218,26,0,0,0,0,97,51,37,0,0,244,0,0,ludington,MICHIGAN,7582.0,16.0,0.0,5.0,0.0,11.0,71.0,6.0,64.0,1.0,1.0
"Lynchburg, VA",31340,2024,118,102,16,0,0,0,0,61,52,28,0,0,0,118,0,lynchburg,VIRGINIA,80339.0,287.0,9.0,42.0,30.0,206.0,1396.0,168.0,1018.0,210.0,4.0
"Macon, GA",31420,2024,366,179,185,2,0,0,0,123,65,51,0,0,47,319,0,macon,MISSOURI,5509.0,13.0,0.0,3.0,0.0,10.0,85.0,32.0,49.0,4.0,0.0
"Madera, CA",31460,2024,366,163,178,25,0,0,0,140,96,52,0,0,215,112,39,madera,CALIFORNIA,68607.0,270.0,2.0,33.0,51.0,184.0,808.0,70.0,549.0,189.0,52.0
"Madison, WI",31540,2024,366,262,104,0,0,0,0,93,59,42,0,0,148,209,9,madison,ALABAMA,62087.0,131.0,2.0,18.0,10.0,101.0,824.0,66.0,698.0,60.0,1.0
"Manchester-Nashua, NH",31700,2024,366,328,38,0,0,0,0,97,51,37,0,0,324,42,0,manchester,CONNECTICUT,59378.0,79.0,0.0,25.0,19.0,35.0,1256.0,136.0,995.0,125.0,3.0
"Manitowoc, WI",31820,2024,204,172,26,6,0,0,0,129,64,39,0,0,204,0,0,manitowoc,WISCONSIN,34546.0,72.0,0.0,8.0,5.0,59.0,335.0,24.0,293.0,18.0,1.0
"Mankato-North Mankato, MN",31860,2024,146,90,56,0,0,0,0,80,60,45,0,0,33,113,0,mankato,MINNESOTA ,46137.0,118.0,2.0,30.0,6.0,80.0,1204.0,127.0,1014.0,63.0,4.0
"Marietta, OH",31930,2024,244,212,32,0,0,0,0,90,54,41,0,0,244,0,0,marietta,GEORGIA,63354.0,189.0,6.0,17.0,25.0,141.0,1147.0,115.0,897.0,135.0,3.0
"Marquette, MI",32100,2024,224,202,22,0,0,0,0,67,48,19,0,0,0,224,0,marquette,MICHIGAN,21245.0,40.0,0.0,14.0,0.0,26.0,108.0,9.0,98.0,1.0,0.0
"Marshall, MN",32140,2024,366,276,88,2,0,0,0,142,60,40,0,0,139,197,30,marshall,ARKANSAS,1310.0,8.0,0.0,0.0,0.0,8.0,13.0,3.0,10.0,0.0,0.0
"McAlester, OK",32540,2024,362,198,162,2,0,0,0,105,65,48,0,0,126,236,0,mcalester,OKLAHOMA,18134.0,67.0,1.0,5.0,7.0,54.0,430.0,72.0,320.0,38.0,1.0
"McAllen-Edinburg-Mission, TX",32580,2024,366,150,192,19,5,0,0,157,87,54,0,0,20,339,7,mcallen,TEXAS,148017.0,222.0,4.0,58.0,35.0,125.0,2717.0,94.0,2523.0,100.0,9.0
"Medford, OR",32780,2024,366,262,99,4,1,0,0,155,71,41,0,0,111,255,0,medford,MASSACHUSETTS,59601.0,107.0,0.0,13.0,14.0,80.0,715.0,46.0,600.0,69.0,4.0
"Memphis, TN-MS-AR",32820,2024,366,118,237,8,3,0,0,159,80,56,0,0,104,262,0,memphis,MICHIGAN,1055.0,1.0,0.0,0.0,0.0,1.0,4.0,1.0,1.0,2.0,0.0
"Merced, CA",32900,2024,366,168,163,34,1,0,0,151,100,52,0,0,237,110,19,merced,CALIFORNIA,96077.0,754.0,7.0,99.0,160.0,488.0,2683.0,547.0,1670.0,466.0,73.0
"Meridian, MS",32940,2024,243,242,1,0,0,0,0,51,45,36,0,0,243,0,0,meridian,IDAHO,140353.0,206.0,1.0,42.0,15.0,148.0,802.0,73.0,677.0,52.0,6.0
"Miami, OK",33060,2024,366,181,184,0,0,1,0,288,70,51,0,0,72,274,20,miami,FLORIDA3,460392.0,2179.0,28.0,108.0,439.0,1604.0,13789.0,1355.0,10545.0,1889.0,46.0
"Michigan City-La Porte, IN",33140,2024,366,257,107,2,0,0,0,115,64,41,0,0,250,116,0,michigan city,INDIANA,31543.0,92.0,2.0,8.0,19.0,63.0,667.0,50.0,560.0,57.0,5.0
"Milwaukee-Waukesha-West Allis, WI",33340,2024,366,236,119,9,2,0,0,161,69,45,0,10,159,191,6,milwaukee,WISCONSIN,560416.0,8019.0,134.0,382.0,1727.0,5776.0,15135.0,2175.0,7034.0,5926.0,183.0
"Minneapolis-St. Paul-Bloomington, MN-WI",33460,2024,366,208,152,4,2,0,0,166,68,47,0,0,150,206,10,minneapolis,KANSAS,1935.0,3.0,0.0,1.0,0.0,2.0,13.0,5.0,8.0,0.0,0.0
"Minot, ND",33500,2024,366,298,59,7,2,0,0,152,59,37,0,0,216,150,0,minot,NORTH DAKOTA,47041.0,150.0,1.0,25.0,21.0,103.0,660.0,113.0,442.0,105.0,16.0
"Missoula, MT",33540,2024,366,237,125,3,1,0,0,153,68,43,0,0,156,210,0,missoula,MONTANA,78911.0,471.0,2.0,84.0,36.0,349.0,2864.0,255.0,2453.0,156.0,21.0
"Mobile, AL",33660,2024,365,242,123,0,0,0,0,80,58,45,0,0,92,271,2,mobile,ALABAMA,237092.0,1783.0,39.0,62.0,125.0,1557.0,3970.0,743.0,2818.0,409.0,8.0
"Modesto, CA",33700,2024,366,166,162,38,0,0,0,150,101,53,0,0,214,136,16,modesto,CALIFORNIA,218990.0,1436.0,7.0,123.0,248.0,1058.0,5288.0,585.0,3983.0,720.0,126.0
"Monroe, LA",33740,2024,366,292,74,0,0,0,0,97,57,41,0,0,236,130,0,monroe,CONNECTICUT,18852.0,4.0,0.0,1.0,0.0,3.0,98.0,25.0,55.0,18.0,0.0
"Montgomery, AL",33860,2024,358,247,110,1,0,0,0,102,57,42,0,0,106,251,1,montgomery,ALABAMA,193728.0,1152.0,35.0,12.0,371.0,734.0,4330.0,1021.0,2598.0,711.0,1.0
"Morehead City, NC",33980,2024,364,357,7,0,0,0,0,71,45,35,0,0,364,0,0,morehead city,NORTH CAROLINA,9960.0,36.0,0.0,5.0,1.0,30.0,306.0,17.0,281.0,8.0,0.0
"Morgantown, WV",34060,2024,267,211,56,0,0,0,0,93,56,43,0,0,201,66,0,morgantown,KENTUCKY,2467.0,6.0,1.0,3.0,0.0,2.0,1.0,1.0,0.0,0.0,0.0
"Morristown, TN",34100,2024,244,222,21,1,0,0,0,105,50,40,0,0,244,0,0,morristown,NEW JERSEY,21172.0,56.0,0.0,8.0,12.0,36.0,169.0,7.0,146.0,16.0,1.0
"Moscow, ID",34140,2024,366,297,68,1,0,0,0,117,58,27,0,0,0,366,0,moscow,IDAHO,26684.0,5.0,0.0,0.0,0.0,5.0,271.0,29.0,236.0,6.0,0.0
"Moses Lake, WA",34180,2024,366,318,48,0,0,0,0,84,53,26,0,0,0,366,0,moses lake,WASHINGTON,26624.0,105.0,6.0,6.0,21.0,72.0,1128.0,163.0,917.0,48.0,10.0
"Mount Vernon, IL",34500,2024,366,236,129,1,0,0,0,112,60,44,0,0,115,251,0,mount vernon,ILLINOIS,14146.0,35.0,4.0,14.0,3.0,14.0,154.0,16.0,133.0,5.0,0.0
"Muncie, IN",34620,2024,366,240,126,0,0,0,0,97,61,44,0,0,180,186,0,muncie,INDIANA,65072.0,392.0,3.0,56.0,23.0,310.0,1469.0,282.0,938.0,249.0,2.0
"Muscatine, IA",34700,2024,366,269,97,0,0,0,0,78,56,38,0,0,0,366,0,muscatine,IOWA,23208.0,57.0,0.0,7.0,3.0,47.0,285.0,55.0,197.0,33.0,0.0
"Myrtle Beach-Conway-North Myrtle Beach, SC-NC",34820,2024,364,287,77,0,0,0,0,87,55,40,0,0,159,205,0,myrtle beach,SOUTH CAROLINA,41022.0,456.0,5.0,76.0,71.0,304.0,2320.0,183.0,1975.0,162.0,12.0
"Naples-Immokalee-Marco Island, FL",34940,2024,366,279,87,0,0,0,0,87,55,42,0,0,112,254,0,naples,UTAH,2529.0,3.0,0.0,1.0,0.0,2.0,22.0,5.0,14.0,3.0,0.0
"Nashville-Davidson--Murfreesboro--Franklin, TN",34980,2024,366,172,187,7,0,0,0,133,64,51,0,3,120,243,0,nashville,ARKANSAS,4010.0,17.0,1.0,3.0,1.0,12.0,89.0,14.0,69.0,6.0,0.0
"New Castle, IN",35220,2024,361,282,79,0,0,0,0,75,55,34,0,0,0,361,0,new castle,COLORADO,4851.0,6.0,0.0,3.0,0.0,3.0,33.0,8.0,20.0,5.0,0.0
"New Haven-Milford, CT",35300,2024,366,260,94,11,1,0,0,156,62,41,0,22,206,138,0,new haven,CONNECTICUT,137243.0,734.0,15.0,44.0,248.0,427.0,4923.0,518.0,3297.0,1108.0,14.0
"New York-Newark-Jersey City, NY-NJ-PA",35620,2024,366,164,178,21,3,0,0,156,93,52,0,18,155,193,0,new york,NEW YORK,8299271.0,55690.0,325.0,1943.0,15559.0,37863.0,196549.0,12842.0,167230.0,16477.0,826.0
"Niles-Benton Harbor, MI",35660,2024,241,200,40,1,0,0,0,101,58,41,0,0,241,0,0,niles,ILLINOIS,29099.0,16.0,0.0,2.0,8.0,6.0,647.0,122.0,494.0,31.0,0.0
"Nogales, AZ",35700,2024,361,213,139,8,0,0,1,494,72,43,0,0,0,281,80,nogales,ARIZONA,19686.0,45.0,0.0,0.0,0.0,45.0,709.0,94.0,451.0,164.0,0.0
"North Port-Sarasota-Bradenton, FL",35840,2024,361,241,119,1,0,0,0,115,61,44,0,0,152,209,0,north port,FLORIDA3,93930.0,88.0,0.0,23.0,4.0,61.0,734.0,48.0,670.0,16.0,0.0
"Norwich-New London, CT",35980,2024,365,309,51,5,0,0,0,126,55,37,0,0,174,191,0,norwich,CONNECTICUT,39832.0,82.0,0.0,24.0,20.0,38.0,502.0,82.0,364.0,56.0,1.0
"Ocala, FL",36100,2024,360,189,170,1,0,0,0,101,60,49,0,0,84,276,0,ocala,FLORIDA3,70046.0,350.0,5.0,34.0,41.0,270.0,2136.0,192.0,1921.0,23.0,3.0
"Odessa, TX",36220,2024,356,280,76,0,0,0,0,88,56,36,0,0,0,356,0,odessa,MISSOURI,5648.0,3.0,0.0,1.0,1.0,1.0,15.0,2.0,11.0,2.0,0.0
"Ogden-Clearfield, UT",36260,2024,366,191,156,19,0,0,0,133,87,50,0,8,280,75,3,ogden,IOWA,1948.0,1.0,0.0,0.0,0.0,1.0,3.0,1.0,2.0,0.0,0.0
"Oklahoma City, OK",36420,2024,366,149,200,17,0,0,0,147,84,53,0,5,185,173,3,oklahoma city,OKLAHOMA,709456.0,4796.0,73.0,517.0,707.0,3499.0,20528.0,4133.0,13840.0,2555.0,120.0
"Olympia-Tumwater, WA",36500,2024,362,338,24,0,0,0,0,85,44,26,0,0,141,221,0,olympia,WASHINGTON,55775.0,315.0,4.0,35.0,61.0,215.0,1916.0,317.0,1392.0,207.0,8.0
"Omaha-Council Bluffs, NE-IA",36540,2024,366,187,177,2,0,0,0,110,66,50,0,0,154,203,9,omaha,NEBRASKA,480235.0,1772.0,19.0,222.0,225.0,1306.0,15184.0,1133.0,10874.0,3177.0,88.0
"Othello, WA",36830,2024,351,328,23,0,0,0,0,71,41,18,0,0,0,351,0,othello,WASHINGTON,8989.0,34.0,0.0,11.0,3.0,20.0,199.0,33.0,146.0,20.0,1.0
"Owensboro, KY",36980,2024,269,231,38,0,0,0,0,100,51,43,0,0,229,40,0,owensboro,KENTUCKY,60096.0,210.0,1.0,47.0,27.0,135.0,1753.0,203.0,1357.0,193.0,11.0
"Oxford, NC",37080,2024,244,206,37,1,0,0,0,101,61,42,0,0,244,0,0,oxford,ALABAMA,22074.0,32.0,0.0,1.0,1.0,30.0,587.0,49.0,513.0,25.0,0.0
"Oxnard-Thousand Oaks-Ventura, CA",37100,2024,366,191,160,14,1,0,0,176,84,50,0,0,247,116,3,oxnard,CALIFORNIA,197361.0,1177.0,6.0,65.0,234.0,872.0,3705.0,396.0,2596.0,713.0,53.0
"Paducah, KY-IL",37140,2024,366,271,94,1,0,0,0,101,57,43,0,8,153,205,0,paducah,KENTUCKY,26624.0,72.0,1.0,19.0,11.0,41.0,744.0,62.0,599.0,83.0,8.0
"Palatka, FL",37260,2024,362,329,31,2,0,0,0,112,49,25,0,0,0,0,362,palatka,FLORIDA3,10816.0,29.0,0.0,1.0,3.0,25.0,404.0,22.0,371.0,11.0,1.0
"Palm Bay-Melbourne-Titusville, FL",37340,2024,366,311,55,0,0,0,0,74,53,40,0,0,281,85,0,palm bay,FLORIDA3,141137.0,490.0,11.0,67.0,73.0,339.0,1436.0,324.0,1023.0,89.0,3.0
"Panama City, FL",37460,2024,356,214,141,0,0,1,0,215,60,47,0,0,89,267,0,panama city,FLORIDA3,36646.0,238.0,3.0,21.0,9.0,205.0,802.0,147.0,616.0,39.0,1.0
"Parkersburg-Vienna, WV",37620,2024,280,219,60,1,0,0,0,101,58,43,0,0,207,73,0,parkersburg,WEST VIRGINIA,28815.0,75.0,0.0,19.0,6.0,50.0,927.0,91.0,784.0,52.0,10.0
"Payson, AZ",37740,2024,366,193,144,27,2,0,0,159,97,50,0,0,341,1,24,payson,ARIZONA,16845.0,44.0,0.0,0.0,0.0,44.0,206.0,37.0,147.0,22.0,0.0
"Peoria, IL",37900,2024,344,236,108,0,0,0,0,100,60,44,0,0,163,181,0,peoria,ARIZONA,201056.0,512.0,3.0,87.0,49.0,373.0,2423.0,303.0,1823.0,297.0,18.0
"Philadelphia-Camden-Wilmington, PA-NJ-DE-MD",37980,2024,366,139,212,15,0,0,0,150,84,53,0,8,128,230,0,philadelphia,MISSISSIPPI,6867.0,36.0,0.0,5.0,1.0,30.0,171.0,27.0,133.0,11.0,0.0
"Phoenix-Mesa-Scottsdale, AZ",38060,2024,366,25,227,102,9,2,1,337,122,86,0,0,158,83,125,phoenix,ARIZONA,1662809.0,13296.0,139.0,1069.0,3020.0,9068.0,38666.0,5274.0,26308.0,7084.0,226.0
"Pierre, SD",38180,2024,363,340,23,0,0,0,0,69,34,8,0,0,0,363,0,pierre,SOUTH DAKOTA,13822.0,70.0,0.0,10.0,1.0,59.0,275.0,33.0,213.0,29.0,0.0
"Pittsburgh, PA",38300,2024,366,164,192,10,0,0,0,129,80,53,0,0,173,193,0,pittsburgh,PENNSYLVANIA,317177.0,1355.0,36.0,164.0,394.0,761.0,7232.0,738.0,5406.0,1088.0,72.0
"Pittsfield, MA",38340,2024,366,300,66,0,0,0,0,97,56,38,0,2,242,122,0,pittsfield,ILLINOIS,4041.0,8.0,0.0,3.0,0.0,5.0,44.0,19.0,24.0,1.0,1.0
"Platteville, WI",38420,2024,366,263,103,0,0,0,0,82,57,36,0,0,0,366,0,platteville,COLORADO,3894.0,3.0,0.0,0.0,0.0,3.0,39.0,2.0,29.0,8.0,0.0
"Pocatello, ID",38540,2024,366,286,78,2,0,0,0,104,59,39,0,0,126,185,55,pocatello,IDAHO,58618.0,200.0,0.0,23.0,9.0,168.0,930.0,149.0,697.0,84.0,5.0
"Ponca City, OK",38620,2024,356,223,128,4,1,0,0,193,61,42,0,0,0,356,0,ponca city,OKLAHOMA,24286.0,140.0,2.0,21.0,10.0,107.0,608.0,142.0,395.0,71.0,5.0
"Port Angeles, WA",38820,2024,366,321,45,0,0,0,0,69,52,36,0,0,197,169,0,port angeles,WASHINGTON,20133.0,114.0,2.0,23.0,10.0,79.0,500.0,103.0,350.0,47.0,1.0
"Portland-South Portland, ME",38860,2024,366,289,76,1,0,0,0,129,58,39,0,1,243,118,4,portland,CONNECTICUT,9449.0,0.0,0.0,0.0,0.0,0.0,41.0,8.0,29.0,4.0,1.0
"Portsmouth, OH",39020,2024,366,248,118,0,0,0,0,80,60,40,0,0,0,341,25,portsmouth,NEW HAMPSHIRE,22969.0,43.0,0.0,9.0,2.0,32.0,295.0,7.0,265.0,23.0,3.0
"Prescott, AZ",39140,2024,366,225,139,2,0,0,0,115,80,47,0,0,365,1,0,prescott,ARIZONA,48339.0,162.0,1.0,11.0,9.0,141.0,540.0,108.0,409.0,23.0,2.0
"Price, UT",39220,2024,366,278,87,1,0,0,0,112,64,44,0,0,353,13,0,price,UTAH,8271.0,10.0,4.0,2.0,0.0,4.0,89.0,9.0,72.0,8.0,0.0
"Prineville, OR",39260,2024,366,282,76,5,3,0,0,173,64,24,0,0,0,366,0,prineville,OREGON,12047.0,29.0,0.0,5.0,0.0,24.0,88.0,6.0,74.0,8.0,0.0
"Providence-Warwick, RI-MA",39300,2024,366,279,84,3,0,0,0,147,60,42,0,3,217,146,0,providence,KENTUCKY,2799.0,0.0,0.0,0.0,0.0,0.0,5.0,3.0,2.0,0.0,0.0
"Provo-Orem, UT",39340,2024,366,210,147,8,1,0,0,151,77,47,0,2,257,107,0,provo,UTAH,112763.0,233.0,2.0,83.0,20.0,128.0,1433.0,79.0,1279.0,75.0,10.0
"Pueblo, CO",39380,2024,366,249,109,8,0,0,0,143,74,44,0,0,312,47,7,pueblo,COLORADO,110805.0,1578.0,19.0,160.0,243.0,1156.0,5476.0,938.0,3228.0,1310.0,56.0
"Pullman, WA",39420,2024,366,310,56,0,0,0,0,97,54,20,0,0,0,366,0,pullman,WASHINGTON,33105.0,43.0,2.0,14.0,2.0,25.0,272.0,50.0,211.0,11.0,4.0
"Quincy, IL-MO",39500,2024,233,210,23,0,0,0,0,97,50,42,0,0,233,0,0,quincy,MASSACHUSETTS,103550.0,347.0,0.0,30.0,25.0,292.0,1380.0,154.0,1073.0,153.0,2.0
"Racine, WI",39540,2024,205,156,38,10,1,0,0,151,80,42,0,0,205,0,0,racine,WISCONSIN,76243.0,292.0,4.0,60.0,47.0,181.0,848.0,153.0,551.0,144.0,4.0
"Raleigh, NC",39580,2024,366,212,153,1,0,0,0,112,61,47,0,0,140,226,0,raleigh,NORTH CAROLINA,488085.0,2386.0,25.0,176.0,423.0,1762.0,13760.0,1362.0,10049.0,2349.0,36.0
"Rapid City, SD",39660,2024,366,186,167,12,1,0,0,154,83,50,0,0,247,49,70,rapid city,SOUTH DAKOTA,80957.0,582.0,5.0,110.0,84.0,383.0,3070.0,346.0,2418.0,306.0,3.0
"Reading, PA",39740,2024,366,254,110,2,0,0,0,105,62,43,0,0,218,148,0,reading,MASSACHUSETTS,25871.0,10.0,0.0,4.0,0.0,6.0,138.0,20.0,113.0,5.0,0.0
"Red Bluff, CA",39780,2024,366,252,112,2,0,0,0,109,71,43,0,0,280,85,1,red bluff,CALIFORNIA,14329.0,183.0,1.0,29.0,33.0,120.0,609.0,27.0,515.0,67.0,30.0
"Red Wing, MN",39860,2024,248,232,16,0,0,0,0,67,48,38,0,0,248,0,0,red wing,MINNESOTA ,16819.0,34.0,1.0,7.0,0.0,26.0,362.0,38.0,316.0,8.0,2.0
"Redding, CA",39820,2024,366,268,94,3,0,1,0,232,69,44,0,0,290,76,0,redding,CALIFORNIA,92468.0,599.0,6.0,86.0,95.0,412.0,1614.0,185.0,1198.0,231.0,5.0
"Reno, NV",39900,2024,366,188,174,4,0,0,0,119,77,50,0,2,281,83,0,reno,NEVADA,278313.0,1474.0,23.0,192.0,263.0,996.0,6805.0,869.0,4967.0,969.0,13.0
"Richmond, VA",40060,2024,366,253,112,1,0,0,0,112,58,44,0,13,167,182,4,richmond,CALIFORNIA,113418.0,1047.0,9.0,24.0,262.0,752.0,3133.0,146.0,1875.0,1112.0,33.0
"Riverside-San Bernardino-Ontario, CA",40140,2024,366,26,176,66,71,26,1,593,185,97,0,2,205,123,36,riverside,ALABAMA,2279.0,6.0,0.0,1.0,0.0,5.0,23.0,5.0,14.0,4.0,0.0
"Riverton, WY",40180,2024,366,210,151,5,0,0,0,139,74,49,0,0,281,85,0,riverton,ILLINOIS,3457.0,9.0,0.0,1.0,1.0,7.0,34.0,7.0,25.0,2.0,1.0
"Roanoke Rapids, NC",40260,2024,366,289,77,0,0,0,0,82,55,32,0,15,0,351,0,roanoke rapids,NORTH CAROLINA,14497.0,130.0,1.0,8.0,17.0,104.0,490.0,78.0,376.0,36.0,4.0
"Roanoke, VA",40220,2024,366,299,67,0,0,0,0,68,54,40,0,7,164,195,0,roanoke,ALABAMA,5411.0,42.0,0.0,3.0,2.0,37.0,210.0,30.0,163.0,17.0,1.0
"Rochester, MN",40340,2024,366,234,131,0,1,0,0,155,61,44,0,0,122,244,0,rochester,ILLINOIS,3913.0,3.0,0.0,0.0,0.0,3.0,21.0,6.0,12.0,3.0,0.0
"Rock Springs, WY",40540,2024,366,247,109,10,0,0,0,137,75,45,0,3,308,9,46,rock springs,WYOMING,22778.0,29.0,1.0,5.0,0.0,23.0,291.0,35.0,229.0,27.0,0.0
"Rockford, IL",40420,2024,361,249,109,3,0,0,0,119,59,43,0,0,157,204,0,rockford,ILLINOIS,145280.0,1569.0,19.0,101.0,155.0,1294.0,3657.0,919.0,2099.0,639.0,44.0
"Rockland, ME",40500,2024,355,343,12,0,0,0,0,84,43,33,0,0,355,0,0,rockland,MAINE,7059.0,6.0,0.0,1.0,0.0,5.0,132.0,24.0,95.0,13.0,0.0
"Rocky Mount, NC",40580,2024,354,302,52,0,0,0,0,80,53,37,0,0,158,196,0,rocky mount,NORTH CAROLINA,54223.0,415.0,7.0,21.0,85.0,302.0,2158.0,401.0,1545.0,212.0,26.0
"Rome, GA",40660,2024,361,256,105,0,0,0,0,89,59,38,0,0,0,361,0,rome,GEORGIA,38257.0,299.0,3.0,31.0,31.0,234.0,1222.0,119.0,999.0,104.0,10.0
"Roswell, NM",40740,2024,114,104,10,0,0,0,0,88,47,27,0,0,0,114,0,roswell,GEORGIA,91789.0,147.0,2.0,18.0,23.0,104.0,937.0,95.0,784.0,58.0,9.0
"Rutland, VT",40860,2024,366,291,75,0,0,0,0,86,56,37,0,0,194,172,0,rutland,MASSACHUSETTS,9721.0,10.0,0.0,2.0,0.0,8.0,21.0,3.0,17.0,1.0,0.0
"Sacramento--Roseville--Arden-Arcade, CA",40900,2024,366,125,206,35,0,0,0,140,100,55,0,0,221,145,0,sacramento,CALIFORNIA,526670.0,3976.0,45.0,182.0,1012.0,2737.0,13416.0,2326.0,8406.0,2684.0,155.0
"Salem, OH",41400,2024,63,63,0,0,0,0,0,34,19,12,0,0,0,0,63,salem,ARKANSAS,1623.0,5.0,0.0,1.0,0.0,4.0,20.0,6.0,11.0,3.0,2.0
"Salinas, CA",41500,2024,366,292,74,0,0,0,0,71,55,39,0,0,185,163,18,salinas,CALIFORNIA,158233.0,830.0,6.0,81.0,223.0,520.0,2651.0,232.0,1833.0,586.0,44.0
"Salisbury, MD-DE",41540,2024,365,298,67,0,0,0,0,90,55,40,0,0,259,106,0,salisbury,MARYLAND,33205.0,317.0,0.0,12.0,50.0,255.0,998.0,182.0,753.0,63.0,3.0
"Salt Lake City, UT",41620,2024,366,144,178,39,4,1,0,230,103,56,0,9,243,111,3,salt lake city,UTAH,212675.0,1838.0,11.0,337.0,390.0,1100.0,11059.0,1172.0,8900.0,987.0,46.0
"San Antonio-New Braunfels, TX",41700,2024,366,161,183,20,2,0,0,199,87,53,0,3,130,230,3,san antonio,TEXAS,1514458.0,8998.0,127.0,1267.0,1641.0,5963.0,70023.0,7505.0,49853.0,12665.0,177.0
"San Diego-Carlsbad, CA",41740,2024,366,47,267,48,4,0,0,161,105,71,0,0,202,151,13,san diego,CALIFORNIA,1389024.0,5726.0,35.0,297.0,1075.0,4319.0,23197.0,2603.0,15100.0,5494.0,136.0
"San Francisco-Oakland-Hayward, CA",41860,2024,366,149,216,1,0,0,0,105,65,53,0,0,8,358,0,san francisco,CALIFORNIA,802856.0,4789.0,35.0,280.0,2145.0,2329.0,31545.0,5118.0,21026.0,5401.0,266.0
"San Jose-Sunnyvale-Santa Clara, CA",41940,2024,366,183,181,2,0,0,0,111,67,51,0,1,136,229,0,san jose,CALIFORNIA,956840.0,5806.0,26.0,740.0,1347.0,3693.0,24762.0,4086.0,14575.0,6101.0,147.0
"San Juan-Carolina-Caguas, PR",41980,2024,366,185,138,31,12,0,0,174,111,49,8,0,9,330,19,san juan,TEXAS,36819.0,57.0,3.0,0.0,11.0,43.0,522.0,84.0,408.0,30.0,2.0
"San Luis Obispo-Paso Robles-Arroyo Grande, CA",42020,2024,366,193,163,10,0,0,0,122,80,49,0,0,262,102,2,san luis obispo,CALIFORNIA,49948.0,212.0,0.0,30.0,41.0,141.0,1333.0,161.0,1097.0,75.0,2.0
"Sandpoint, ID",41760,2024,365,272,89,4,0,0,0,125,60,32,0,0,0,338,27,sandpoint,IDAHO,10498.0,9.0,0.0,1.0,0.0,8.0,105.0,17.0,80.0,8.0,1.0
"Santa Cruz-Watsonville, CA",42100,2024,366,293,73,0,0,0,0,80,54,39,0,0,117,249,0,santa cruz,CALIFORNIA,61346.0,376.0,3.0,26.0,63.0,284.0,1543.0,83.0,1363.0,97.0,46.0
"Santa Fe, NM",42140,2024,363,259,103,1,0,0,0,101,71,45,0,0,355,8,0,santa fe,NEW MEXICO,89652.0,755.0,4.0,58.0,80.0,613.0,4623.0,873.0,3031.0,719.0,27.0
"Santa Maria-Santa Barbara, CA",42200,2024,366,193,171,2,0,0,0,146,60,49,0,0,162,198,6,santa maria,CALIFORNIA,110056.0,727.0,3.0,75.0,191.0,458.0,2072.0,344.0,1265.0,463.0,75.0
"Santa Rosa, CA",42220,2024,366,348,18,0,0,0,0,72,41,19,1,0,44,197,124,santa rosa,CALIFORNIA,175147.0,600.0,2.0,118.0,117.0,363.0,2312.0,405.0,1610.0,297.0,26.0
"Savannah, GA",42340,2024,365,232,132,1,0,0,0,130,58,44,0,0,76,289,0,savannah,GEORGIA,241780.0,49.0,23.0,25.0,0.0,1.0,0.0,0.0,0.0,0.0,0.0
"Sayre, PA",42380,2024,363,298,65,0,0,0,0,75,54,37,0,0,206,157,0,sayre,OKLAHOMA,4790.0,4.0,0.0,0.0,0.0,4.0,33.0,13.0,16.0,4.0,0.0
"Scottsbluff, NE",42420,2024,348,257,83,8,0,0,0,143,67,44,0,0,285,63,0,scottsbluff,NEBRASKA,15306.0,90.0,0.0,12.0,1.0,77.0,426.0,36.0,372.0,18.0,8.0
"Scranton--Wilkes-Barre--Hazleton, PA",42540,2024,366,263,103,0,0,0,0,97,58,40,0,9,197,160,0,scranton,PENNSYLVANIA,75683.0,213.0,7.0,70.0,24.0,112.0,1018.0,146.0,774.0,98.0,13.0
"Seattle-Tacoma-Bellevue, WA",42660,2024,366,211,151,3,1,0,0,166,65,47,0,1,142,223,0,seattle,WASHINGTON,760058.0,5891.0,52.0,352.0,1677.0,3810.0,38061.0,8756.0,21905.0,7400.0,153.0
"Sebastian-Vero Beach, FL",42680,2024,348,344,4,0,0,0,0,64,44,35,0,0,348,0,0,sebastian,FLORIDA3,27445.0,42.0,1.0,10.0,2.0,29.0,247.0,11.0,221.0,15.0,0.0
"Sebring, FL",42700,2024,363,333,30,0,0,0,0,77,50,35,0,0,363,0,0,sebring,OHIO,4121.0,4.0,0.0,0.0,3.0,1.0,68.0,13.0,55.0,0.0,1.0
"Sevierville, TN",42940,2024,362,289,73,0,0,0,0,93,61,44,0,0,362,0,0,sevierville,TENNESSEE,18084.0,79.0,0.0,16.0,1.0,62.0,574.0,30.0,504.0,40.0,1.0
"Sheboygan, WI",43100,2024,205,166,30,7,2,0,0,166,74,40,0,0,205,0,0,sheboygan,WISCONSIN,49610.0,212.0,2.0,51.0,3.0,156.0,639.0,44.0,574.0,21.0,2.0
"Shelton, WA",43220,2024,366,341,25,0,0,0,0,73,43,21,0,0,0,366,0,shelton,CONNECTICUT,42616.0,18.0,0.0,2.0,7.0,9.0,302.0,25.0,230.0,47.0,0.0
"Sheridan, WY",43260,2024,366,281,69,9,6,1,0,205,67,44,0,0,257,106,3,sheridan,ARKANSAS,5268.0,28.0,0.0,5.0,1.0,22.0,59.0,8.0,48.0,3.0,1.0
"Show Low, AZ",43320,2024,361,359,2,0,0,0,0,53,22,13,0,0,0,78,283,show low,ARIZONA,12341.0,91.0,2.0,4.0,3.0,82.0,279.0,21.0,234.0,24.0,2.0
"Shreveport-Bossier City, LA",43340,2024,366,183,179,4,0,0,0,111,66,51,0,0,134,230,2,shreveport,LOUISIANA,175092.0,2151.0,47.0,146.0,140.0,1818.0,6987.0,1368.0,4603.0,1016.0,25.0
"Sierra Vista-Douglas, AZ",43420,2024,366,225,128,11,1,0,1,307,80,48,0,0,325,0,41,sierra vista,ARIZONA,44119.0,96.0,1.0,9.0,11.0,75.0,734.0,73.0,626.0,35.0,6.0
"Sioux City, IA-NE-SD",43580,2024,284,224,60,0,0,0,0,93,58,43,0,0,210,74,0,sioux city,IOWA,85711.0,476.0,3.0,72.0,82.0,319.0,2849.0,407.0,2190.0,252.0,20.0
"Sioux Falls, SD",43620,2024,365,297,66,2,0,0,0,145,57,34,0,15,208,127,15,sioux falls,SOUTH DAKOTA,210926.0,1111.0,14.0,59.0,100.0,938.0,6149.0,639.0,4587.0,923.0,25.0
"Somerset, KY",43700,2024,366,292,74,0,0,0,0,68,54,41,0,0,148,218,0,somerset,KENTUCKY,12367.0,32.0,0.0,8.0,6.0,18.0,133.0,41.0,76.0,16.0,2.0
"Sonora, CA",43760,2024,354,286,64,4,0,0,0,115,67,40,0,0,354,0,0,sonora,CALIFORNIA,4889.0,45.0,0.0,7.0,5.0,33.0,102.0,5.0,95.0,2.0,1.0
"South Bend-Mishawaka, IN-MI",43780,2024,366,237,127,2,0,0,0,119,64,45,0,0,202,164,0,south bend,INDIANA,103415.0,998.0,3.0,59.0,70.0,866.0,2114.0,238.0,1427.0,449.0,24.0
"Spartanburg, SC",43900,2024,363,188,171,4,0,0,0,112,71,49,0,0,138,225,0,spartanburg,SOUTH CAROLINA,39186.0,580.0,2.0,34.0,64.0,480.0,2049.0,370.0,1432.0,247.0,20.0
"Spokane-Spokane Valley, WA",44060,2024,366,232,133,1,0,0,0,106,67,44,0,0,114,229,23,spokane,WASHINGTON,229529.0,1549.0,16.0,176.0,333.0,1024.0,11111.0,1484.0,8421.0,1206.0,127.0
"Springfield, IL",44100,2024,366,263,102,1,0,0,0,105,58,41,0,0,145,221,0,springfield,COLORADO,1280.0,1.0,0.0,0.0,0.0,1.0,4.0,1.0,1.0,2.0,0.0
"St. Cloud, MN",41060,2024,366,282,84,0,0,0,0,97,58,39,0,0,154,212,0,st. cloud,FLORIDA3,68966.0,130.0,2.0,13.0,7.0,108.0,523.0,91.0,417.0,15.0,1.0
"St. George, UT",41100,2024,366,278,86,2,0,0,0,108,67,44,0,0,359,7,0,st. george,SOUTH CAROLINA,1833.0,16.0,1.0,0.0,5.0,10.0,86.0,9.0,64.0,13.0,0.0
"St. Joseph, MO-KS",41140,2024,359,202,157,0,0,0,0,100,61,48,0,0,117,218,24,st. joseph,MICHIGAN,7689.0,34.0,0.0,2.0,1.0,31.0,118.0,9.0,104.0,5.0,0.0
"St. Louis, MO-IL",41180,2024,366,117,233,13,3,0,0,165,85,55,0,3,103,226,34,st. louis,MICHIGAN,7014.0,13.0,0.0,4.0,0.0,9.0,38.0,7.0,28.0,3.0,0.0
"St. Marys, PA",41260,2024,358,343,15,0,0,0,0,67,46,34,0,0,358,0,0,st. marys,GEORGIA,19882.0,58.0,1.0,14.0,3.0,40.0,226.0,19.0,186.0,21.0,2.0
"State College, PA",44300,2024,366,287,79,0,0,0,0,97,58,40,0,1,270,95,0,state college,PENNSYLVANIA,57580.0,88.0,0.0,43.0,6.0,39.0,440.0,28.0,401.0,11.0,2.0
"Steamboat Springs, CO",44460,2024,365,364,1,0,0,0,0,53,25,12,0,0,0,0,365,steamboat springs,COLORADO,13606.0,44.0,0.0,7.0,1.0,36.0,172.0,23.0,144.0,5.0,1.0
"Stockton-Lodi, CA",44700,2024,366,178,177,11,0,0,0,140,79,51,0,0,142,215,9,stockton,CALIFORNIA,319069.0,3656.0,51.0,129.0,1073.0,2403.0,8422.0,1794.0,4697.0,1931.0,162.0
"Summerville, GA",44900,2024,240,231,9,0,0,0,0,77,48,39,0,0,240,0,0,summerville,GEORGIA,4426.0,13.0,0.0,0.0,1.0,12.0,67.0,13.0,50.0,4.0,1.0
"Syracuse, NY",45060,2024,366,318,48,0,0,0,0,84,53,36,0,0,266,100,0,syracuse,NEW YORK,145175.0,1111.0,22.0,85.0,194.0,810.0,6147.0,1047.0,3830.0,1270.0,22.0
"Tampa-St. Petersburg-Clearwater, FL",45300,2024,362,167,190,5,0,0,0,143,67,51,0,0,110,250,2,tampa,FLORIDA3,408646.0,1817.0,36.0,171.0,241.0,1369.0,5988.0,684.0,4718.0,586.0,27.0
"Taos, NM",45340,2024,365,354,11,0,0,0,0,76,35,16,0,0,0,365,0,taos,NEW MEXICO,6406.0,60.0,0.0,1.0,2.0,57.0,383.0,71.0,273.0,39.0,3.0
"Terre Haute, IN",45460,2024,366,204,161,1,0,0,0,112,64,47,0,0,137,229,0,terre haute,INDIANA,58536.0,322.0,2.0,32.0,53.0,235.0,2006.0,396.0,1373.0,237.0,33.0
"Texarkana, TX-AR",45500,2024,360,189,171,0,0,0,0,97,62,49,0,0,0,360,0,texarkana,ARKANSAS,29173.0,240.0,4.0,14.0,22.0,200.0,1043.0,114.0,879.0,50.0,1.0
"The Dalles, OR",45520,2024,364,317,47,0,0,0,0,93,52,23,0,0,0,364,0,the dalles,OREGON,15712.0,58.0,1.0,4.0,15.0,38.0,402.0,45.0,325.0,32.0,10.0
"Toledo, OH",45780,2024,366,155,207,4,0,0,0,119,74,53,0,0,135,231,0,toledo,OHIO,263668.0,2745.0,32.0,260.0,283.0,2170.0,7204.0,1274.0,4863.0,1067.0,133.0
"Topeka, KS",45820,2024,366,246,119,1,0,0,0,125,61,45,0,0,188,173,5,topeka,KANSAS,125156.0,1072.0,20.0,59.0,101.0,892.0,4559.0,798.0,3135.0,626.0,22.0
"Torrington, CT",45860,2024,362,305,49,8,0,0,0,119,58,38,4,0,314,44,0,torrington,CONNECTICUT,35612.0,29.0,0.0,5.0,9.0,15.0,370.0,23.0,327.0,20.0,1.0
"Trenton, NJ",45940,2024,366,246,115,5,0,0,0,133,71,43,0,0,210,156,0,trenton,ILLINOIS,2629.0,1.0,0.0,0.0,0.0,1.0,6.0,1.0,5.0,0.0,0.0
"Truckee-Grass Valley, CA",46020,2024,365,313,50,2,0,0,0,132,55,36,0,0,134,231,0,truckee,CALIFORNIA,17132.0,64.0,0.0,6.0,2.0,56.0,111.0,17.0,82.0,12.0,4.0
"Tucson, AZ",46060,2024,366,113,241,10,2,0,0,171,87,56,0,0,217,107,42,tucson,ARIZONA,548789.0,3231.0,37.0,262.0,593.0,2339.0,18182.0,1629.0,13723.0,2830.0,110.0
"Tulsa, OK",46140,2024,366,169,184,12,1,0,0,179,80,51,0,0,202,160,4,tulsa,OKLAHOMA,411310.0,3874.0,39.0,435.0,406.0,2994.0,14920.0,3073.0,9862.0,1985.0,54.0
"Tupelo, MS",46180,2024,243,216,27,0,0,0,0,87,51,41,0,0,243,0,0,tupelo,MISSISSIPPI,37593.0,147.0,4.0,27.0,27.0,89.0,1420.0,426.0,894.0,100.0,6.0
"Tuscaloosa, AL",46220,2024,359,318,39,2,0,0,0,125,53,37,0,0,173,186,0,tuscaloosa,ALABAMA,113834.0,630.0,18.0,20.0,68.0,524.0,3109.0,363.0,2458.0,288.0,5.0
"Twin Falls, ID",46300,2024,347,264,76,4,3,0,0,158,64,23,0,0,0,347,0,twin falls,IDAHO,55932.0,233.0,3.0,51.0,5.0,174.0,630.0,54.0,530.0,46.0,3.0
"Tyler, TX",46340,2024,363,314,48,1,0,0,0,105,61,39,0,3,360,0,0,tyler,MINNESOTA ,1093.0,0.0,0.0,0.0,0.0,0.0,0.0,0.0,0.0,0.0,0.0
"Ukiah, CA",46380,2024,366,244,122,0,0,0,0,83,57,43,0,0,99,265,2,ukiah,CALIFORNIA,15915.0,88.0,0.0,9.0,23.0,56.0,218.0,30.0,145.0,43.0,12.0
"Utica-Rome, NY",46540,2024,349,300,49,0,0,0,0,68,53,27,0,0,0,349,0,utica,MICHIGAN,5090.0,16.0,0.0,4.0,2.0,10.0,128.0,8.0,115.0,5.0,0.0
"Valdosta, GA",46660,2024,342,212,128,1,1,0,0,154,62,44,0,0,0,342,0,valdosta,GEORGIA,54896.0,305.0,4.0,27.0,63.0,211.0,2239.0,250.0,1855.0,134.0,3.0
"Vallejo-Fairfield, CA",46700,2024,365,343,22,0,0,0,0,80,46,36,0,2,340,22,1,vallejo,CALIFORNIA,121795.0,901.0,20.0,65.0,299.0,517.0,4860.0,678.0,3223.0,959.0,31.0
"Vermillion, SD",46820,2024,366,289,75,2,0,0,0,137,57,39,0,0,187,179,0,vermillion,SOUTH DAKOTA,12110.0,22.0,0.0,6.0,0.0,16.0,141.0,6.0,119.0,16.0,0.0
"Vernal, UT",46860,2024,366,218,141,7,0,0,0,133,77,48,0,0,337,29,0,vernal,UTAH,10718.0,30.0,1.0,8.0,2.0,19.0,326.0,20.0,288.0,18.0,3.0
"Victoria, TX",47020,2024,355,324,29,2,0,0,0,105,49,35,0,0,355,0,0,victoria,KANSAS,1106.0,0.0,0.0,0.0,0.0,0.0,2.0,1.0,0.0,1.0,0.0
"Vincennes, IN",47180,2024,360,314,46,0,0,0,0,90,54,38,0,0,360,0,0,vincennes,INDIANA,16535.0,20.0,1.0,4.0,3.0,12.0,415.0,35.0,344.0,36.0,1.0
"Vineland-Bridgeton, NJ",47220,2024,359,290,68,1,0,0,0,112,56,39,0,3,268,88,0,vineland,NEW JERSEY,60848.0,266.0,2.0,16.0,56.0,192.0,1634.0,212.0,1374.0,48.0,8.0
"Virginia Beach-Norfolk-Newport News, VA-NC",47260,2024,366,268,98,0,0,0,0,90,57,41,0,11,149,206,0,virginia beach,VIRGINIA,455155.0,420.0,13.0,84.0,144.0,179.0,7464.0,382.0,6585.0,497.0,42.0
"Visalia-Porterville, CA",47300,2024,366,76,179,83,28,0,0,185,147,71,0,0,213,144,9,visalia,CALIFORNIA,146090.0,636.0,7.0,99.0,138.0,392.0,3112.0,384.0,2219.0,509.0,30.0
"Waco, TX",47380,2024,365,126,234,5,0,0,0,133,73,53,5,0,87,273,0,waco,TEXAS,146270.0,623.0,8.0,133.0,84.0,398.0,3110.0,431.0,2379.0,300.0,8.0
"Walla Walla, WA",47460,2024,366,307,59,0,0,0,0,90,59,38,0,0,247,94,25,walla walla,WASHINGTON,33062.0,94.0,2.0,23.0,10.0,59.0,732.0,58.0,601.0,73.0,21.0
"Warner Robins, GA",47580,2024,362,247,114,1,0,0,0,105,60,43,0,0,0,362,0,warner robins,GEORGIA,85900.0,572.0,7.0,28.0,65.0,472.0,2560.0,309.0,2043.0,208.0,12.0
"Washington-Arlington-Alexandria, DC-VA-MD-WV",47900,2024,366,199,159,8,0,0,0,133,75,49,0,15,192,159,0,washington,DISTRICT OF COLUMBIA,702250.0,6502.0,179.0,239.0,3080.0,3004.0,25197.0,1671.0,18220.0,5306.0,0.0
"Waterloo-Cedar Falls, IA",47940,2024,365,201,164,0,0,0,0,87,60,48,0,0,103,262,0,waterloo,IOWA,66385.0,316.0,3.0,26.0,23.0,264.0,1623.0,389.0,1101.0,133.0,17.0
"Watertown, SD",47980,2024,361,269,91,1,0,0,0,102,58,37,0,0,82,256,23,watertown,CONNECTICUT,22337.0,3.0,0.0,1.0,0.0,2.0,257.0,20.0,200.0,37.0,1.0
"Wausau, WI",48140,2024,366,311,54,0,1,0,0,151,53,37,0,0,166,200,0,wausau,WISCONSIN,39949.0,118.0,1.0,42.0,6.0,69.0,403.0,43.0,334.0,26.0,8.0
"Weirton-Steubenville, WV-OH",48260,2024,366,220,146,0,0,0,0,97,64,46,0,0,162,204,0,weirton,WEST VIRGINIA,18151.0,25.0,2.0,8.0,0.0,15.0,60.0,0.0,60.0,0.0,0.0
"Wenatchee, WA",48300,2024,366,293,68,4,1,0,0,158,62,28,0,0,0,366,0,wenatchee,WASHINGTON,35523.0,84.0,0.0,16.0,12.0,56.0,990.0,151.0,770.0,69.0,4.0
"Wheeling, WV-OH",48540,2024,366,243,123,0,0,0,0,84,61,45,0,2,120,231,13,wheeling,ILLINOIS,37251.0,23.0,1.0,11.0,4.0,7.0,338.0,81.0,218.0,39.0,1.0
"Whitewater-Elkhorn, WI",48580,2024,206,169,37,0,0,0,0,100,61,42,0,0,206,0,0,whitewater,WISCONSIN,15473.0,31.0,1.0,8.0,2.0,20.0,111.0,5.0,95.0,11.0,0.0
"Wichita, KS",48620,2024,366,208,153,4,1,0,0,196,67,47,0,1,195,149,21,wichita,KANSAS,395486.0,2130.0,33.0,131.0,197.0,1769.0,9108.0,1039.0,7083.0,986.0,78.0
"Wilmington, NC",48900,2024,363,293,70,0,0,0,0,97,55,39,0,0,131,232,0,wilmington,DELAWARE,71958.0,811.0,25.0,5.0,183.0,598.0,2273.0,350.0,1440.0,483.0,2.0
"Winchester, VA-WV",49020,2024,355,264,90,1,0,0,0,102,57,41,0,0,138,217,0,winchester,CONNECTICUT,10247.0,7.0,0.0,2.0,5.0,0.0,87.0,5.0,72.0,10.0,1.0
"Winona, MN",49100,2024,122,114,8,0,0,0,0,63,41,20,0,0,0,122,0,winona,MINNESOTA ,26045.0,49.0,0.0,15.0,1.0,33.0,598.0,54.0,519.0,25.0,0.0
"Winston-Salem, NC",49180,2024,366,189,173,4,0,0,0,122,68,50,0,3,143,220,0,winston,OREGON,5692.0,5.0,0.0,3.0,0.0,2.0,108.0,13.0,89.0,6.0,0.0
"Worcester, MA-CT",49340,2024,366,317,47,2,0,0,0,122,54,37,0,9,279,76,2,worcester,MASSACHUSETTS,212425.0,35.0,16.0,0.0,2.0,17.0,0.0,0.0,0.0,0.0,0.0
"Yakima, WA",49420,2024,366,248,111,6,1,0,0,153,63,37,0,0,0,364,2,yakima,WASHINGTON,96646.0,526.0,15.0,36.0,57.0,418.0,1976.0,343.0,1364.0,269.0,15.0
"York-Hanover, PA",49620,2024,366,240,125,1,0,0,0,101,67,44,0,3,219,144,0,york,ALABAMA,2277.0,4.0,0.0,0.0,0.0,4.0,6.0,3.0,3.0,0.0,0.0
"Youngstown-Warren-Boardman, OH-PA",49660,2024,366,219,147,0,0,0,0,97,65,46,0,0,185,181,0,youngstown,OHIO,58850.0,405.0,11.0,25.0,53.0,316.0,1620.0,333.0,1007.0,280.0,17.0
"Yuba City, CA",49700,2024,366,195,166,5,0,0,0,115,80,49,0,0,220,146,0,yuba city,CALIFORNIA,68200.0,289.0,4.0,50.0,51.0,184.0,1131.0,115.0,843.0,173.0,15.0
"Yuma, AZ",49740,2024,365,212,149,3,1,0,0,179,74,47,0,0,216,58,91,yuma,ARIZONA,101989.0,432.0,3.0,44.0,24.0,361.0,1272.0,201.0,906.0,165.0,16.0
